{
  "frame": [
    2048,
    4096,
    6144,
    8192,
    10240,
    12288,
    14336,
    16384,
    18432,
    20480,
    22528,
    24576,
    26624,
    28672,
    30720,
    32768,
    34816,
    36864,
    38912,
    40960,
    43008,
    45056,
    47104,
    49152,
    51200,
    53248,
    55296,
    57344,
    59392,
    61440,
    63488,
    65536,
    67584,
    69632,
    71680,
    73728,
    75776,
    77824,
    79872,
    81920,
    83968,
    86016,
    88064,
    90112,
    92160,
    94208,
    96256,
    98304,
    100352,
    102400,
    104448,
    106496,
    108544,
    110592,
    112640,
    114688,
    116736,
    118784,
    120832,
    122880,
    124928,
    126976,
    129024,
    131072,
    133120,
    135168,
    137216,
    139264,
    141312,
    143360,
    145408,
    147456,
    149504,
    151552,
    153600,
    155648,
    157696,
    159744,
    161792,
    163840,
    165888,
    167936,
    169984,
    172032,
    174080,
    176128,
    178176,
    180224,
    182272,
    184320,
    186368,
    188416,
    190464,
    192512,
    194560,
    196608,
    198656,
    200704
  ],
  "step": [
    21.47826,
    31.46875,
    52.84211,
    96.0,
    128.84616,
    208.75,
    346.57144,
    273.16666,
    487.75,
    500.0,
    492.5,
    500.0,
    500.0,
    500.0,
    500.0,
    500.0,
    500.0,
    500.0,
    500.0,
    500.0,
    500.0,
    500.0,
    487.25,
    471.5,
    500.0,
    500.0,
    500.0,
    500.0,
    454.0,
    500.0,
    500.0,
    500.0,
    500.0,
    500.0,
    500.0,
    500.0,
    398.0,
    500.0,
    500.0,
    500.0,
    500.0,
    500.0,
    500.0,
    407.60001,
    268.875,
    403.20001,
    500.0,
    500.0,
    500.0,
    500.0,
    500.0,
    500.0,
    500.0,
    500.0,
    500.0,
    500.0,
    500.0,
    500.0,
    500.0,
    500.0,
    500.0,
    500.0,
    326.14285,
    389.0,
    424.75,
    500.0,
    500.0,
    450.0,
    500.0,
    500.0,
    500.0,
    500.0,
    500.0,
    285.25,
    406.79999,
    500.0,
    477.75,
    500.0,
    500.0,
    464.39999,
    500.0,
    500.0,
    500.0,
    500.0,
    500.0,
    500.0,
    500.0,
    500.0,
    500.0,
    500.0,
    500.0,
    500.0,
    500.0,
    500.0,
    500.0,
    500.0,
    500.0,
    500.0
  ],
  "v_value": [
    -1.75882,
    -0.88885,
    5.89343,
    13.89691,
    22.75315,
    31.65868,
    38.05658,
    41.74175,
    52.43201,
    63.25535,
    60.73995,
    65.05814,
    75.71098,
    79.26254,
    71.89125,
    76.11163,
    86.37624,
    87.74887,
    87.36111,
    85.50621,
    80.25552,
    84.47387,
    87.03798,
    89.61754,
    89.73943,
    91.96018,
    87.98305,
    88.62124,
    89.70515,
    89.02728,
    88.66356,
    91.45112,
    88.23701,
    87.61069,
    89.31103,
    87.15044,
    86.77205,
    85.96794,
    85.56095,
    82.47416,
    84.24854,
    83.05587,
    85.28797,
    87.93053,
    82.77422,
    83.65822,
    85.43186,
    83.60653,
    87.3866,
    87.09124,
    89.1367,
    85.20203,
    85.21715,
    89.16628,
    90.43992,
    90.30727,
    89.55724,
    88.93678,
    87.54326,
    86.35892,
    85.29771,
    86.16435,
    83.80467,
    80.85988,
    85.32409,
    86.82063,
    87.61346,
    82.93883,
    83.40666,
    86.55386,
    86.52905,
    85.38594,
    85.23478,
    81.19913,
    80.85472,
    82.68578,
    81.50529,
    84.06947,
    84.05854,
    85.60061,
    85.99385,
    86.76807,
    85.98967,
    86.26548,
    85.17665,
    84.39005,
    83.95921,
    84.8639,
    84.28656,
    83.44883,
    83.4453,
    82.75036,
    82.13247,
    82.15823,
    83.12849,
    83.4398,
    82.91869,
    83.87831
  ],
  "loss_p": [
    0.00214,
    0.00382,
    0.00306,
    0.0024,
    0.00234,
    0.00151,
    0.00163,
    0.00352,
    0.00105,
    -0.00072,
    0.00091,
    0.00086,
    2e-05,
    -0.00037,
    0.00042,
    0.00199,
    0.00126,
    -0.00022,
    0.00128,
    0.00032,
    -0.0001,
    0.00029,
    0.00081,
    0.00042,
    0.0012,
    0.00053,
    0.0012,
    0.00141,
    0.00025,
    9e-05,
    0.00064,
    -0.00014,
    6e-05,
    -0.00056,
    -0.00037,
    0.00043,
    2e-05,
    0.00073,
    0.00068,
    0.00059,
    0.00018,
    0.00036,
    0.00102,
    9e-05,
    0.00058,
    0.00029,
    0.00059,
    5e-05,
    -0.00042,
    0.00036,
    0.00033,
    -2e-05,
    -0.0002,
    -0.00051,
    -0.00033,
    -0.0,
    0.00013,
    -0.00029,
    0.00025,
    -0.0006,
    0.00116,
    0.00028,
    -6e-05,
    0.00052,
    0.00073,
    -0.00023,
    0.00026,
    0.00031,
    0.00039,
    -0.00012,
    0.00121,
    -0.00019,
    3e-05,
    0.00031,
    0.00045,
    0.00037,
    0.00034,
    -1e-05,
    0.0002,
    3e-05,
    0.00014,
    -0.00082,
    -0.00052,
    -0.00017,
    -0.00041,
    0.00142,
    0.0006,
    -0.0002,
    0.00061,
    0.00031,
    0.0016,
    0.00085,
    -0.00014,
    -0.00023,
    -0.00011,
    0.00021,
    3e-05,
    0.00114
  ],
  "loss_v": [
    40.20484,
    32.13669,
    39.00735,
    34.7688,
    24.78429,
    21.46651,
    16.96135,
    5.765,
    5.37824,
    13.68776,
    25.18302,
    12.73503,
    25.85519,
    34.88034,
    24.21638,
    33.25764,
    62.07284,
    63.51791,
    55.98887,
    50.02312,
    33.76601,
    38.96941,
    48.56789,
    57.64331,
    53.0192,
    66.41908,
    56.0322,
    66.20972,
    84.95123,
    64.98216,
    60.09114,
    66.30127,
    67.67377,
    57.03402,
    67.58842,
    60.97446,
    65.74525,
    62.59344,
    57.99432,
    64.22253,
    50.18494,
    53.34783,
    54.58049,
    74.81663,
    128.1994,
    76.27765,
    57.37652,
    57.22316,
    53.57037,
    61.48678,
    65.12529,
    56.26138,
    55.4318,
    54.17673,
    58.47608,
    64.96944,
    70.27556,
    61.48872,
    64.87053,
    61.04961,
    54.92231,
    58.30628,
    72.55801,
    87.972,
    65.89406,
    64.56999,
    61.20124,
    68.83652,
    49.84628,
    61.52974,
    62.63383,
    61.41463,
    59.88531,
    89.489,
    88.36194,
    56.45068,
    56.25088,
    59.92646,
    53.72902,
    74.21068,
    62.2667,
    61.05739,
    65.3456,
    62.22155,
    56.81673,
    58.49635,
    57.91746,
    56.62415,
    63.40742,
    58.49538,
    57.18272,
    56.64393,
    55.6265,
    55.96986,
    56.97786,
    56.65423,
    56.81466,
    58.49094
  ],
  "loss_ent": [
    0.68371,
    0.65155,
    0.61248,
    0.58838,
    0.56876,
    0.54662,
    0.551,
    0.54795,
    0.53403,
    0.53141,
    0.536,
    0.5272,
    0.53657,
    0.52191,
    0.49934,
    0.49891,
    0.52609,
    0.52817,
    0.53718,
    0.54416,
    0.54934,
    0.56361,
    0.56344,
    0.54452,
    0.54873,
    0.57305,
    0.54897,
    0.54163,
    0.54688,
    0.5458,
    0.55586,
    0.54434,
    0.538,
    0.55823,
    0.55106,
    0.54621,
    0.54071,
    0.52891,
    0.55103,
    0.51969,
    0.53781,
    0.54459,
    0.55931,
    0.546,
    0.5158,
    0.54156,
    0.54255,
    0.542,
    0.55343,
    0.53591,
    0.51585,
    0.51745,
    0.52758,
    0.53615,
    0.54764,
    0.54287,
    0.55202,
    0.54528,
    0.53202,
    0.54328,
    0.54791,
    0.55137,
    0.53847,
    0.52658,
    0.51985,
    0.53534,
    0.53592,
    0.54464,
    0.54398,
    0.54444,
    0.54856,
    0.53356,
    0.53371,
    0.49987,
    0.5044,
    0.52225,
    0.51034,
    0.53513,
    0.52487,
    0.53132,
    0.54385,
    0.54588,
    0.55285,
    0.5526,
    0.53581,
    0.53646,
    0.52657,
    0.52942,
    0.52649,
    0.52492,
    0.53346,
    0.52509,
    0.53099,
    0.5302,
    0.54262,
    0.5308,
    0.53633,
    0.53129
  ],