{
  "frame": [
    2048,
    4096,
    6144,
    8192,
    10240,
    12288,
    14336,
    16384,
    18432,
    20480,
    22528,
    24576,
    26624,
    28672,
    30720,
    32768,
    34816,
    36864,
    38912,
    40960,
    43008,
    45056,
    47104,
    49152,
    51200,
    53248,
    55296,
    57344,
    59392,
    61440,
    63488,
    65536,
    67584,
    69632,
    71680,
    73728,
    75776,
    77824,
    79872,
    81920,
    83968,
    86016,
    88064,
    90112,
    92160,
    94208,
    96256,
    98304,
    100352,
    102400,
    104448,
    106496,
    108544,
    110592,
    112640,
    114688,
    116736,
    118784,
    120832,
    122880,
    124928,
    126976,
    129024,
    131072,
    133120,
    135168,
    137216,
    139264,
    141312,
    143360,
    145408,
    147456,
    149504,
    151552,
    153600,
    155648,
    157696,
    159744,
    161792,
    163840,
    165888,
    167936,
    169984,
    172032,
    174080,
    176128,
    178176,
    180224,
    182272,
    184320,
    186368,
    188416,
    190464,
    192512,
    194560,
    196608,
    198656,
    200704
  ],
  "step": [
    24.4878,
    36.30909,
    61.21212,
    127.57143,
    231.375,
    381.83334,
    475.75,
    467.25,
    489.75,
    500.0,
    449.0,
    500.0,
    500.0,
    500.0,
    500.0,
    500.0,
    500.0,
    500.0,
    500.0,
    500.0,
    434.25,
    500.0,
    500.0,
    500.0,
    500.0,
    500.0,
    486.25,
    500.0,
    500.0,
    407.0,
    500.0,
    478.0,
    453.60001,
    409.0,
    496.75,
    407.60001,
    500.0,
    500.0,
    500.0,
    500.0,
    500.0,
    408.20001,
    500.0,
    472.5,
    500.0,
    500.0,
    500.0,
    500.0,
    500.0,
    396.16666,
    500.0,
    500.0,
    500.0,
    500.0,
    500.0,
    500.0,
    500.0,
    500.0,
    500.0,
    500.0,
    500.0,
    500.0,
    500.0,
    500.0,
    500.0,
    374.20001,
    500.0,
    500.0,
    500.0,
    500.0,
    500.0,
    500.0,
    500.0,
    500.0,
    500.0,
    500.0,
    500.0,
    432.5,
    500.0,
    500.0,
    500.0,
    500.0,
    500.0,
    500.0,
    500.0,
    500.0,
    500.0,
    500.0,
    500.0,
    500.0,
    500.0,
    500.0,
    500.0,
    500.0,
    500.0,
    500.0,
    500.0,
    500.0
  ],
  "v_value": [
    -2.05454,
    -0.96053,
    6.0804,
    14.81697,
    24.98668,
    35.93449,
    49.2337,
    48.37205,
    55.06548,
    66.93227,
    65.26955,
    62.82446,
    70.93665,
    77.69029,
    79.24758,
    80.77598,
    83.46117,
    83.13176,
    84.54252,
    87.18059,
    87.06089,
    83.01866,
    83.17259,
    84.84628,
    81.49281,
    86.60081,
    85.62167,
    85.01329,
    85.29961,
    84.65471,
    83.11281,
    84.77675,
    77.67695,
    62.70899,
    77.87444,
    86.47995,
    86.21435,
    86.44598,
    85.37868,
    86.71877,
    88.21317,
    82.89968,
    85.5573,
    90.19749,
    74.57469,
    85.27556,
    90.51263,
    88.99384,
    87.24619,
    86.2202,
    86.2469,
    87.8939,
    87.73948,
    87.64429,
    88.47074,
    88.18504,
    85.82564,
    85.81062,
    86.36069,
    84.35629,
    83.57925,
    84.09698,
    81.3362,
    84.22395,
    81.04243,
    80.13361,
    80.49644,
    81.49138,
    82.51055,
    81.80334,
    79.27394,
    74.13523,
    76.83512,
    81.57648,
    86.58958,
    82.64576,
    85.1159,
    82.59315,
    84.06636,
    90.60536,
    91.20183,
    86.4249,
    90.72636,
    86.68289,
    88.92865,
    87.73669,
    82.34978,
    82.61734,
    85.694,
    88.71791,
    88.69394,
    86.74675,
    84.64304,
    84.22933,
    84.06121,
    82.2392,
    78.02234,
    78.57266
  ],
  "loss_p": [
    0.00221,
    0.0032,
    0.00298,
    0.00256,
    0.00153,
    0.00109,
    0.00045,
    0.00372,
    0.00116,
    8e-05,
    0.00031,
    0.00137,
    0.00075,
    0.00033,
    -0.00015,
    0.00014,
    -8e-05,
    0.00038,
    -5e-05,
    -0.0003,
    0.00013,
    0.00049,
    0.00111,
    7e-05,
    0.00254,
    0.00035,
    0.00086,
    -0.0002,
    -0.00065,
    0.00016,
    -2e-05,
    -0.00011,
    0.00039,
    0.00085,
    0.0004,
    0.00057,
    0.00155,
    -0.00063,
    0.00037,
    0.00025,
    -0.00017,
    0.00029,
    -4e-05,
    0.00043,
    0.00045,
    0.00064,
    -0.00017,
    0.00067,
    0.00024,
    0.00039,
    0.00017,
    0.00112,
    0.00013,
    -0.00027,
    0.00026,
    8e-05,
    0.00171,
    0.00044,
    -0.00083,
    -0.00037,
    -0.00031,
    0.00013,
    0.00099,
    -3e-05,
    5e-05,
    0.00038,
    0.00017,
    -0.0002,
    0.00012,
    -0.0001,
    0.00053,
    -0.0,
    0.00061,
    0.00012,
    2e-05,
    0.00038,
    -4e-05,
    0.00039,
    0.00013,
    -0.00018,
    0.00026,
    0.00015,
    7e-05,
    0.0009,
    -0.00084,
    -4e-05,
    0.00019,
    0.00076,
    0.00106,
    -0.00013,
    0.00063,
    8e-05,
    -0.00066,
    -0.00061,
    0.00039,
    0.00056,
    0.00036,
    -0.00018
  ],
  "loss_v": [
    42.42979,
    42.82367,
    38.06457,
    28.66462,
    21.12084,
    13.17575,
    21.38765,
    12.51877,
    13.2396,
    34.05679,
    35.19614,
    25.94521,
    36.19914,
    49.86552,
    48.5375,
    49.48779,
    56.18406,
    55.15951,
    52.86085,
    64.87102,
    61.49926,
    63.86905,
    49.84155,
    47.69436,
    47.72496,
    69.54877,
    54.57672,
    60.21716,
    60.40397,
    76.61311,
    50.00824,
    62.4243,
    51.28379,
    20.76925,
    30.18957,
    72.10204,
    42.88745,
    60.06408,
    58.26599,
    59.78792,
    61.14965,
    65.19243,
    51.43426,
    72.79653,
    49.23996,
    41.49943,
    68.58767,
    64.1227,
    61.57004,
    87.57895,
    58.27681,
    61.73946,
    61.61993,
    62.95998,
    63.54485,
    62.13395,
    63.21293,
    60.85042,
    62.21369,
    56.30061,
    56.11377,
    56.97404,
    53.53494,
    57.53506,
    54.23968,
    63.44495,
    51.54585,
    53.25759,
    52.75687,
    51.92493,
    44.54099,
    40.79047,
    43.19828,
    44.31562,
    47.22001,
    48.61366,
    48.40257,
    50.07973,
    30.00792,
    59.64698,
    51.77672,
    47.7445,
    65.50437,
    62.15371,
    61.72533,
    64.1494,
    55.67045,
    36.29308,
    55.16546,
    65.97112,
    64.73434,
    62.43565,
    59.1832,
    57.88272,
    53.50582,
    59.87918,
    50.53438,
    46.82101
  ],
  "loss_ent": [
    0.68206,
    0.64563,
    0.61143,
    0.58017,
    0.55841,
    0.55186,
    0.5314,
    0.53416,
    0.54187,
    0.5507,
    0.54021,
    0.56204,
    0.53992,
    0.51809,
    0.52752,
    0.55923,
    0.53502,
    0.53177,
    0.5515,
    0.54913,
    0.53895,
    0.52945,
    0.52563,
    0.56005,
    0.53206,
    0.54743,
    0.53966,
    0.5396,
    0.55086,
    0.57118,
    0.56937,
    0.59893,
    0.56874,
    0.55164,
    0.55958,
    0.55109,
    0.57526,
    0.57858,
    0.57115,
    0.55106,
    0.56503,
    0.55525,
    0.56004,
    0.53709,
    0.54738,
    0.54881,
    0.56979,
    0.55031,
    0.55404,
    0.51394,
    0.52135,
    0.51764,
    0.54496,
    0.53534,
    0.53617,
    0.53322,
    0.52961,
    0.50716,
    0.51898,
    0.54791,
    0.53673,
    0.53875,
    0.52227,
    0.5378,
    0.5316,
    0.50684,
    0.52976,
    0.52611,
    0.54141,
    0.55922,
    0.53253,
    0.53025,
    0.5385,
    0.52389,
    0.52862,
    0.51894,
    0.54361,
    0.50739,
    0.5024,
    0.52327,
    0.5196,
    0.52091,
    0.53959,
    0.52342,
    0.52427,
    0.54855,
    0.52761,
    0.51412,
    0.5107,
    0.54062,
    0.52018,
    0.54054,
    0.517,
    0.51782,
    0.517,
    0.49357,
    0.52582,
    0.52509
  ],