{
  "frame": [
    2048,
    4096,
    6144,
    8192,
    10240,
    12288,
    14336,
    16384,
    18432,
    20480,
    22528,
    24576,
    26624,
    28672,
    30720,
    32768,
    34816,
    36864,
    38912,
    40960,
    43008,
    45056,
    47104,
    49152,
    51200,
    53248,
    55296,
    57344,
    59392,
    61440,
    63488,
    65536,
    67584,
    69632,
    71680,
    73728,
    75776,
    77824,
    79872,
    81920,
    83968,
    86016,
    88064,
    90112,
    92160,
    94208,
    96256,
    98304,
    100352,
    102400,
    104448,
    106496,
    108544,
    110592,
    112640,
    114688,
    116736,
    118784,
    120832,
    122880,
    124928,
    126976,
    129024,
    131072,
    133120,
    135168,
    137216,
    139264,
    141312,
    143360,
    145408,
    147456,
    149504,
    151552,
    153600,
    155648,
    157696,
    159744,
    161792,
    163840,
    165888,
    167936,
    169984,
    172032,
    174080,
    176128,
    178176,
    180224,
    182272,
    184320,
    186368,
    188416,
    190464,
    192512,
    194560,
    196608,
    198656,
    200704
  ],
  "step": [
    20.44898,
    34.74576,
    48.775,
    96.5,
    142.14285,
    239.125,
    359.60001,
    365.5,
    476.75,
    476.75,
    472.0,
    479.0,
    500.0,
    500.0,
    500.0,
    500.0,
    500.0,
    500.0,
    500.0,
    496.0,
    500.0,
    500.0,
    500.0,
    500.0,
    500.0,
    431.5,
    477.0,
    500.0,
    318.57144,
    500.0,
    500.0,
    500.0,
    500.0,
    500.0,
    500.0,
    500.0,
    500.0,
    500.0,
    500.0,
    467.20001,
    500.0,
    500.0,
    500.0,
    500.0,
    500.0,
    500.0,
    500.0,
    500.0,
    500.0,
    500.0,
    500.0,
    500.0,
    500.0,
    500.0,
    500.0,
    500.0,
    500.0,
    500.0,
    500.0,
    500.0,
    500.0,
    500.0,
    500.0,
    500.0,
    500.0,
    500.0,
    500.0,
    500.0,
    500.0,
    500.0,
    500.0,
    500.0,
    500.0,
    500.0,
    500.0,
    478.75,
    500.0,
    500.0,
    500.0,
    500.0,
    500.0,
    500.0,
    500.0,
    500.0,
    500.0,
    500.0,
    500.0,
    462.0,
    500.0,
    430.33334,
    500.0,
    500.0,
    500.0,
    500.0,
    500.0,
    500.0,
    500.0,
    500.0
  ],
  "v_value": [
    -2.6876,
    -0.84131,
    5.27673,
    13.29491,
    20.11838,
    27.18661,
    39.95706,
    43.7459,
    54.84605,
    53.10365,
    60.14838,
    70.37405,
    75.54475,
    78.97749,
    81.78558,
    82.83168,
    77.43784,
    76.13515,
    82.73782,
    86.79173,
    87.74525,
    87.59415,
    88.15776,
    87.62346,
    87.11876,
    83.76028,
    65.73714,
    65.85289,
    79.14906,
    85.65416,
    83.32567,
    76.75275,
    78.80013,
    77.69803,
    81.51628,
    82.58346,
    78.15697,
    79.90279,
    79.55858,
    83.48595,
    77.78911,
    88.39816,
    86.62404,
    85.95864,
    88.18864,
    86.8552,
    87.39729,
    88.9586,
    86.23729,
    84.84939,
    86.11311,
    88.53162,
    86.1831,
    85.69756,
    85.31911,
    86.8375,
    86.22414,
    87.05959,
    81.1628,
    80.91266,
    80.93547,
    81.80779,
    82.65907,
    82.54353,
    83.18603,
    81.89894,
    81.98593,
    82.30937,
    82.64883,
    81.67543,
    82.13773,
    81.72499,
    78.86663,
    81.60909,
    83.1547,
    83.1618,
    84.77577,
    86.10862,
    86.19243,
    83.34472,
    82.30853,
    84.23344,
    85.25168,
    84.89886,
    85.60563,
    86.01347,
    86.1479,
    85.89326,
    84.96231,
    82.98043,
    83.85316,
    82.17436,
    81.35405,
    81.20512,
    80.57549,
    80.15524,
    79.61455,
    75.56224
  ],
  "loss_p": [
    0.00173,
    0.00377,
    0.003,
    0.00226,
    0.00245,
    0.00261,
    0.00393,
    0.00347,
    0.00178,
    0.00308,
    0.0028,
    1e-05,
    0.00019,
    0.00065,
    0.00022,
    0.0013,
    -0.00015,
    0.00056,
    0.0004,
    -0.00024,
    9e-05,
    0.00091,
    -0.00014,
    0.00069,
    0.00037,
    0.00027,
    0.00036,
    0.00135,
    0.0002,
    0.00061,
    -4e-05,
    -0.00033,
    -1e-05,
    0.00064,
    -5e-05,
    -0.0006,
    0.00035,
    -0.00024,
    0.00111,
    0.00048,
    0.00115,
    -0.00026,
    0.00012,
    0.00091,
    0.00025,
    -0.00019,
    -0.00019,
    -0.00038,
    0.0007,
    0.00058,
    0.00145,
    -0.00035,
    -0.00012,
    6e-05,
    -0.00042,
    2e-05,
    -0.00044,
    -0.0003,
    0.00079,
    0.00097,
    0.0003,
    -0.00017,
    1e-05,
    -0.00029,
    -0.00062,
    0.00073,
    -0.00013,
    -0.00081,
    0.00024,
    -0.00039,
    0.00028,
    -2e-05,
    0.00031,
    0.00028,
    -0.00033,
    -3e-05,
    -0.00018,
    -0.00031,
    -0.00041,
    0.00026,
    -0.00022,
    -0.00014,
    0.00012,
    -0.00031,
    -3e-05,
    5e-05,
    -0.00024,
    0.00028,
    0.00044,
    0.00139,
    0.00093,
    0.00017,
    -4e-05,
    -0.00019,
    -0.00042,
    0.0003,
    -0.00012,
    0.00027
  ],
  "loss_v": [
    35.50869,
    36.2326,
    37.15128,
    34.64609,
    22.42168,
    8.01357,
    7.78972,
    9.37876,
    8.06905,
    3.11229,
    6.88169,
    27.99292,
    37.42853,
    35.51378,
    44.19292,
    39.83282,
    52.97711,
    22.82527,
    39.69852,
    54.84681,
    64.75055,
    62.93119,
    58.38374,
    58.31425,
    59.90963,
    81.86909,
    21.98443,
    27.74797,
    60.26746,
    59.88728,
    61.7978,
    41.41239,
    42.92973,
    35.36634,
    43.09019,
    48.92931,
    35.56955,
    47.07232,
    39.45619,
    65.03596,
    28.79554,
    47.86732,
    52.66445,
    55.29139,
    64.37019,
    55.44315,
    57.83837,
    63.15684,
    59.58372,
    56.02322,
    60.23293,
    58.33306,
    64.19542,
    58.52093,
    66.77441,
    62.85866,
    58.32778,
    70.78435,
    59.50411,
    51.62465,
    49.79525,
    56.53598,
    55.79033,
    56.08049,
    57.70838,
    54.06832,
    55.16381,
    55.33385,
    56.5886,
    55.55056,
    55.30758,
    52.55986,
    51.87931,
    56.31059,
    57.81662,
    56.66926,
    58.9918,
    57.78886,
    63.05384,
    59.42847,
    55.12455,
    57.97974,
    58.73727,
    59.8107,
    60.2023,
    60.59821,
    60.12154,
    77.73859,
    56.99653,
    74.63545,
    58.53028,
    53.90966,
    54.62358,
    53.27731,
    53.66801,
    50.80286,
    45.35184,
    38.89135
  ],
  "loss_ent": [
    0.68503,
    0.65277,
    0.61062,
    0.58349,
    0.56871,
    0.55572,
    0.5699,
    0.55786,
    0.56099,
    0.56282,
    0.55037,
    0.54622,
    0.56248,
    0.51598,
    0.52233,
    0.53144,
    0.53718,
    0.53194,
    0.5343,
    0.54807,
    0.54108,
    0.54608,
    0.55341,
    0.54935,
    0.54903,
    0.54487,
    0.55125,
    0.53738,
    0.53549,
    0.52305,
    0.52288,
    0.54516,
    0.52089,
    0.50935,
    0.52742,
    0.53026,
    0.5383,
    0.52999,
    0.53973,
    0.52242,
    0.51127,
    0.51605,
    0.52028,
    0.51851,
    0.55129,
    0.5196,
    0.52656,
    0.51024,
    0.51545,
    0.53426,
    0.52818,
    0.53543,
    0.5165,
    0.51503,
    0.52961,
    0.53824,
    0.53294,
    0.54517,
    0.51027,
    0.51575,
    0.51168,
    0.51131,
    0.50598,
    0.50577,
    0.53394,
    0.53492,
    0.53782,
    0.52465,
    0.52007,
    0.51676,
    0.52283,
    0.53736,
    0.50954,
    0.50745,
    0.50944,
    0.48842,
    0.53021,
    0.53724,
    0.52421,
    0.5209,
    0.50742,
    0.52925,
    0.50953,
    0.48406,
    0.53115,
    0.49911,
    0.53927,
    0.50602,
    0.5156,
    0.44782,
    0.51697,
    0.50084,
    0.52345,
    0.50897,
    0.52222,
    0.51877,
    0.53949,
    0.50495
  ],