{
  "frame": [
    2048,
    4096,
    6144,
    8192,
    10240,
    12288,
    14336,
    16384,
    18432,
    20480,
    22528,
    24576,
    26624,
    28672,
    30720,
    32768,
    34816,
    36864,
    38912,
    40960,
    43008,
    45056,
    47104,
    49152,
    51200,
    53248,
    55296,
    57344,
    59392,
    61440,
    63488,
    65536,
    67584,
    69632,
    71680,
    73728,
    75776,
    77824,
    79872,
    81920,
    83968,
    86016,
    88064,
    90112,
    92160,
    94208,
    96256,
    98304,
    100352,
    102400,
    104448,
    106496,
    108544,
    110592,
    112640,
    114688,
    116736,
    118784,
    120832,
    122880,
    124928,
    126976,
    129024,
    131072,
    133120,
    135168,
    137216,
    139264,
    141312,
    143360,
    145408,
    147456,
    149504,
    151552,
    153600,
    155648,
    157696,
    159744,
    161792,
    163840,
    165888,
    167936,
    169984,
    172032,
    174080,
    176128,
    178176,
    180224,
    182272,
    184320,
    186368,
    188416,
    190464,
    192512,
    194560,
    196608,
    198656,
    200704
  ],
  "step": [
    20.40816,
    28.77465,
    46.71429,
    91.09091,
    116.05882,
    180.18182,
    162.16667,
    232.0,
    384.16666,
    413.0,
    500.0,
    500.0,
    500.0,
    310.16666,
    500.0,
    500.0,
    500.0,
    389.75,
    369.875,
    500.0,
    500.0,
    500.0,
    500.0,
    500.0,
    427.0,
    500.0,
    500.0,
    500.0,
    500.0,
    500.0,
    500.0,
    500.0,
    500.0,
    500.0,
    500.0,
    500.0,
    500.0,
    500.0,
    458.5,
    500.0,
    500.0,
    500.0,
    500.0,
    500.0,
    500.0,
    500.0,
    436.42856,
    500.0,
    500.0,
    500.0,
    500.0,
    500.0,
    500.0,
    500.0,
    411.60001,
    421.79999,
    403.0,
    500.0,
    411.5,
    500.0,
    500.0,
    500.0,
    500.0,
    500.0,
    396.0,
    500.0,
    500.0,
    500.0,
    428.39999,
    434.5,
    403.5,
    453.66666,
    455.25,
    500.0,
    500.0,
    500.0,
    500.0,
    500.0,
    500.0,
    500.0,
    500.0,
    500.0,
    500.0,
    500.0,
    500.0,
    500.0,
    500.0,
    500.0,
    500.0,
    500.0,
    500.0,
    500.0,
    500.0,
    500.0,
    500.0,
    500.0,
    500.0,
    492.79999
  ],
  "v_value": [
    -3.14643,
    -2.35472,
    4.77035,
    13.41337,
    20.84555,
    28.49985,
    32.03237,
    44.52611,
    42.26521,
    53.20245,
    61.31821,
    70.60487,
    72.71483,
    72.40672,
    75.34486,
    77.14158,
    74.83362,
    74.10255,
    74.66766,
    76.32508,
    80.11314,
    79.61083,
    81.36147,
    84.45334,
    82.56389,
    85.12416,
    85.51732,
    85.26846,
    85.18425,
    83.2242,
    84.99417,
    79.31433,
    83.13023,
    83.12877,
    82.25117,
    84.29517,
    81.0015,
    84.33482,
    84.89273,
    76.68954,
    83.62487,
    84.0422,
    84.02773,
    84.12785,
    85.04932,
    83.11633,
    84.12691,
    83.18002,
    82.53632,
    82.05962,
    81.57124,
    80.81655,
    82.8845,
    84.51647,
    83.27586,
    82.47311,
    81.29828,
    80.99873,
    78.74399,
    79.69372,
    78.77475,
    79.60313,
    81.93536,
    82.85487,
    81.71957,
    82.98765,
    83.49409,
    84.0436,
    82.88063,
    83.76142,
    82.07974,
    83.29347,
    84.19542,
    83.40627,
    84.93474,
    84.88169,
    83.75796,
    85.65177,
    85.34694,
    84.90704,
    84.925,
    86.26203,
    86.80296,
    88.97636,
    88.20393,
    87.93913,
    87.91176,
    87.34417,
    87.3919,
    88.07706,
    88.73646,
    85.59599,
    83.81812,
    81.95891,
    81.71338,
    82.36952,
    81.2684,
    80.76166
  ],
  "loss_p": [
    0.00185,
    0.00428,
    0.0033,
    0.00244,
    0.00165,
    0.00117,
    0.00272,
    0.00193,
    0.00272,
    0.00134,
    0.00112,
    0.0011,
    0.00055,
    0.00019,
    0.00029,
    -3e-05,
    -5e-05,
    0.00088,
    0.00062,
    0.00059,
    0.00011,
    0.00041,
    -0.00067,
    0.00016,
    0.0003,
    0.00024,
    -0.00015,
    0.0001,
    -3e-05,
    0.00105,
    -0.00071,
    0.00092,
    -0.0001,
    -6e-05,
    0.00075,
    -0.00017,
    0.00147,
    -0.00044,
    -4e-05,
    0.00018,
    -4e-05,
    -0.00063,
    5e-05,
    0.00016,
    -0.00085,
    0.0006,
    -4e-05,
    0.00047,
    0.00056,
    -0.00013,
    -0.00049,
    -0.00022,
    0.00047,
    -0.00032,
    -0.00013,
    0.00012,
    0.00039,
    0.00015,
    0.00051,
    0.00019,
    0.00077,
    0.00022,
    0.0003,
    2e-05,
    0.00048,
    0.00063,
    1e-05,
    -0.00021,
    -9e-05,
    -0.00011,
    0.00048,
    -8e-05,
    0.00089,
    0.001,
    0.00047,
    -0.00089,
    0.00013,
    0.00014,
    -0.00012,
    -0.00023,
    0.00052,
    5e-05,
    -6e-05,
    -0.00024,
    0.00021,
    -0.00071,
    -6e-05,
    0.00041,
    0.00014,
    0.00093,
    0.00038,
    0.00035,
    0.00025,
    0.00105,
    0.0015,
    0.001,
    0.00052,
    0.00026
  ],
  "loss_v": [
    33.62362,
    27.48845,
    36.70601,
    38.15189,
    26.8235,
    14.65197,
    9.05816,
    19.8741,
    12.42616,
    15.4376,
    22.67673,
    36.06305,
    35.00367,
    51.23579,
    44.12753,
    46.4929,
    52.06354,
    38.94082,
    88.63154,
    46.65363,
    48.63782,
    49.61541,
    50.34292,
    54.83058,
    68.53301,
    56.66055,
    60.90278,
    58.68291,
    50.108,
    59.77671,
    59.7272,
    58.12452,
    56.30921,
    55.97471,
    54.15596,
    54.88538,
    50.22776,
    59.20623,
    53.85529,
    45.53739,
    51.62709,
    53.70118,
    59.49324,
    59.62788,
    55.03121,
    53.69538,
    87.1942,
    56.96154,
    56.59789,
    55.39569,
    54.72565,
    50.02847,
    56.61553,
    58.00753,
    75.17608,
    61.58059,
    92.48788,
    54.55865,
    56.24216,
    50.79583,
    50.06311,
    52.97128,
    53.61544,
    58.04087,
    71.96594,
    56.68375,
    58.79124,
    58.67755,
    66.31673,
    60.57664,
    66.09196,
    65.08904,
    61.39948,
    57.75853,
    60.20101,
    58.80848,
    57.62356,
    58.87785,
    60.42679,
    58.38196,
    59.0856,
    61.6235,
    59.80797,
    64.30609,
    62.7773,
    64.49898,
    64.51936,
    63.52613,
    58.45731,
    60.19308,
    76.48943,
    72.58965,
    56.44506,
    55.36707,
    54.55111,
    56.11144,
    51.04064,
    63.08778
  ],
  "loss_ent": [
    0.68657,
    0.65628,
    0.62365,
    0.59944,
    0.58282,
    0.58057,
    0.57265,
    0.56763,
    0.58406,
    0.58339,
    0.56648,
    0.55614,
    0.57921,
    0.56621,
    0.55964,
    0.57437,
    0.55176,
    0.54639,
    0.53421,
    0.55072,
    0.55262,
    0.56166,
    0.55556,
    0.55235,
    0.54086,
    0.53057,
    0.55075,
    0.53007,
    0.54318,
    0.55664,
    0.55938,
    0.52715,
    0.56432,
    0.54785,
    0.5344,
    0.53957,
    0.55254,
    0.52965,
    0.53884,
    0.51128,
    0.5312,
    0.54214,
    0.53467,
    0.54194,
    0.5603,
    0.54496,
    0.5349,
    0.5282,
    0.52956,
    0.542,
    0.53226,
    0.53127,
    0.56787,
    0.56062,
    0.53742,
    0.53348,
    0.52362,
    0.53303,
    0.50851,
    0.53055,
    0.56121,
    0.55678,
    0.54014,
    0.54891,
    0.52282,
    0.51968,
    0.52441,
    0.52706,
    0.50407,
    0.50749,
    0.46891,
    0.48944,
    0.5124,
    0.52009,
    0.51659,
    0.53393,
    0.5232,
    0.54747,
    0.54592,
    0.54733,
    0.54195,
    0.53735,
    0.5478,
    0.5455,
    0.53411,
    0.55061,
    0.5352,
    0.56192,
    0.5372,
    0.54718,
    0.52533,
    0.51657,
    0.4988,
    0.52066,
    0.53015,
    0.53573,
    0.53288,
    0.51917
  ],