{
  "frame": [
    2048,
    4096,
    6144,
    8192,
    10240,
    12288,
    14336,
    16384,
    18432,
    20480,
    22528,
    24576,
    26624,
    28672,
    30720,
    32768,
    34816,
    36864,
    38912,
    40960,
    43008,
    45056,
    47104,
    49152,
    51200,
    53248,
    55296,
    57344,
    59392,
    61440,
    63488,
    65536,
    67584,
    69632,
    71680,
    73728,
    75776,
    77824,
    79872,
    81920,
    83968,
    86016,
    88064,
    90112,
    92160,
    94208,
    96256,
    98304,
    100352,
    102400,
    104448,
    106496,
    108544,
    110592,
    112640,
    114688,
    116736,
    118784,
    120832,
    122880,
    124928,
    126976,
    129024,
    131072,
    133120,
    135168,
    137216,
    139264,
    141312,
    143360,
    145408,
    147456,
    149504,
    151552,
    153600,
    155648,
    157696,
    159744,
    161792,
    163840,
    165888,
    167936,
    169984,
    172032,
    174080,
    176128,
    178176,
    180224,
    182272,
    184320,
    186368,
    188416,
    190464,
    192512,
    194560,
    196608,
    198656,
    200704
  ],
  "step": [
    19.69608,
    28.69565,
    49.0,
    80.91304,
    126.0,
    178.36363,
    246.66667,
    301.375,
    409.0,
    500.0,
    500.0,
    500.0,
    500.0,
    500.0,
    500.0,
    500.0,
    500.0,
    500.0,
    500.0,
    500.0,
    500.0,
    500.0,
    500.0,
    500.0,
    500.0,
    500.0,
    500.0,
    500.0,
    500.0,
    500.0,
    500.0,
    500.0,
    500.0,
    500.0,
    500.0,
    500.0,
    500.0,
    500.0,
    500.0,
    500.0,
    500.0,
    500.0,
    500.0,
    500.0,
    500.0,
    500.0,
    500.0,
    332.33334,
    395.20001,
    411.25,
    500.0,
    500.0,
    500.0,
    500.0,
    500.0,
    500.0,
    500.0,
    500.0,
    500.0,
    500.0,
    500.0,
    500.0,
    500.0,
    500.0,
    421.5,
    500.0,
    500.0,
    500.0,
    500.0,
    500.0,
    500.0,
    500.0,
    500.0,
    500.0,
    500.0,
    500.0,
    500.0,
    165.36363,
    276.14285,
    428.60001,
    500.0,
    500.0,
    498.75,
    500.0,
    500.0,
    500.0,
    500.0,
    500.0,
    500.0,
    500.0,
    500.0,
    500.0,
    500.0,
    500.0,
    500.0,
    500.0,
    500.0,
    500.0
  ],
  "v_value": [
    -3.00574,
    -2.4323,
    4.6992,
    12.84768,
    17.61528,
    24.07361,
    36.01617,
    42.1606,
    54.01346,
    62.65519,
    69.66798,
    72.03292,
    73.6026,
    74.16906,
    79.04027,
    83.20358,
    85.90569,
    86.60732,
    79.74754,
    70.34794,
    82.2581,
    88.14143,
    82.93287,
    86.4752,
    87.60429,
    87.17675,
    87.4837,
    86.3443,
    84.45324,
    83.59828,
    83.2627,
    80.65407,
    78.9642,
    81.13569,
    81.20058,
    82.46709,
    80.54591,
    81.89918,
    84.52729,
    84.85329,
    86.19426,
    87.00623,
    89.10913,
    87.15788,
    85.68668,
    85.18955,
    84.89409,
    82.92444,
    84.76649,
    85.01128,
    86.41515,
    86.83995,
    86.7002,
    86.40739,
    85.82232,
    88.3965,
    87.07915,
    86.60323,
    85.70903,
    86.23286,
    85.37492,
    83.72591,
    83.33022,
    81.75594,
    82.90195,
    83.61002,
    85.02631,
    82.55831,
    83.86558,
    79.49978,
    86.45568,
    88.26807,
    88.95402,
    88.11754,
    86.53603,
    88.31784,
    87.14726,
    77.67419,
    77.02003,
    80.8369,
    83.78579,
    83.77309,
    83.01077,
    85.1431,
    84.84163,
    84.87482,
    84.90083,
    85.88451,
    86.03172,
    84.16842,
    84.95862,
    85.65404,
    85.74657,
    85.55402,
    86.37302,
    86.44047,
    87.56657,
    87.80367
  ],
  "loss_p": [
    0.00166,
    0.00445,
    0.00315,
    0.00229,
    0.00258,
    0.00288,
    0.0032,
    0.00219,
    0.00234,
    0.00067,
    0.00017,
    0.00092,
    -0.00023,
    0.00187,
    0.00068,
    0.00015,
    -0.00042,
    -4e-05,
    0.00016,
    0.00407,
    -5e-05,
    -0.00055,
    0.00072,
    -0.00029,
    -0.00052,
    0.00012,
    0.00021,
    2e-05,
    -0.00038,
    8e-05,
    -0.00019,
    0.00014,
    5e-05,
    0.001,
    -0.0002,
    -0.00012,
    0.00022,
    4e-05,
    0.00017,
    -0.00052,
    0.00016,
    0.0013,
    -0.00034,
    -0.00055,
    -0.0005,
    0.00028,
    -0.0002,
    -0.00015,
    0.00031,
    0.00102,
    -6e-05,
    0.00068,
    -0.00059,
    0.00051,
    0.00012,
    -8e-05,
    -0.00019,
    0.00023,
    -0.00015,
    -0.00049,
    -0.00013,
    1e-05,
    -0.00039,
    3e-05,
    -0.00048,
    -0.00031,
    0.00075,
    0.00069,
    -4e-05,
    0.00011,
    0.00077,
    0.00073,
    0.00026,
    0.0012,
    0.00226,
    0.00144,
    0.00034,
    0.00011,
    0.0007,
    0.00076,
    0.00074,
    -0.00034,
    0.0001,
    -0.00039,
    -0.00036,
    1e-05,
    0.00045,
    -0.00029,
    0.00032,
    -0.00011,
    -0.00107,
    8e-05,
    -0.00042,
    -0.00065,
    -0.00095,
    0.00133,
    0.00026,
    -7e-05
  ],
  "loss_v": [
    33.20235,
    28.48577,
    38.5637,
    35.30565,
    28.42803,
    8.69182,
    3.3906,
    3.25986,
    12.90269,
    16.98467,
    31.8289,
    30.25213,
    36.31901,
    26.0068,
    39.01702,
    54.30634,
    58.26761,
    60.73627,
    47.47387,
    18.36709,
    39.91611,
    62.46986,
    54.59478,
    59.71545,
    61.36699,
    59.41652,
    60.39658,
    58.50315,
    65.37043,
    57.325,
    53.22591,
    54.30663,
    44.91424,
    49.88354,
    56.38061,
    56.81539,
    53.40245,
    54.18708,
    57.39536,
    57.92826,
    61.14298,
    60.79327,
    77.10766,
    63.16665,
    60.48098,
    59.54195,
    59.63125,
    85.10152,
    59.87719,
    58.449,
    61.62409,
    61.23946,
    61.15445,
    56.96089,
    63.00077,
    64.05228,
    62.95161,
    62.72813,
    60.71608,
    59.71625,
    68.48674,
    58.52605,
    54.81187,
    53.28663,
    56.25414,
    56.93244,
    52.88679,
    54.81165,
    48.45135,
    57.77801,
    35.70903,
    66.3405,
    60.08582,
    74.13805,
    57.11054,
    61.89269,
    63.78999,
    74.39638,
    90.61207,
    77.73357,
    59.59798,
    59.37646,
    49.44759,
    60.96763,
    60.2561,
    59.24764,
    59.17482,
    61.70443,
    60.72498,
    59.72121,
    59.19274,
    61.16426,
    61.40328,
    61.09116,
    56.83547,
    59.3697,
    63.47047,
    64.38322
  ],
  "loss_ent": [
    0.68346,
    0.65374,
    0.61683,
    0.58674,
    0.5634,
    0.54556,
    0.5422,
    0.54744,
    0.54772,
    0.55654,
    0.53611,
    0.53561,
    0.53075,
    0.53512,
    0.52294,
    0.51408,
    0.52094,
    0.52924,
    0.52377,
    0.51299,
    0.52372,
    0.52005,
    0.51487,
    0.51488,
    0.5236,
    0.51811,
    0.4956,
    0.49013,
    0.49294,
    0.48226,
    0.47017,
    0.49661,
    0.48861,
    0.48811,
    0.47971,
    0.50201,
    0.49686,
    0.5156,
    0.50558,
    0.49158,
    0.50089,
    0.5065,
    0.50412,
    0.51265,
    0.51454,
    0.50933,
    0.53022,
    0.52019,
    0.50906,
    0.51664,
    0.50557,
    0.50179,
    0.52382,
    0.4751,
    0.49558,
    0.49702,
    0.49371,
    0.47662,
    0.50437,
    0.49193,
    0.52139,
    0.49627,
    0.50659,
    0.48363,
    0.49118,
    0.49164,
    0.52172,
    0.49637,
    0.50744,
    0.51374,
    0.4894,
    0.51724,
    0.50582,
    0.51579,
    0.51859,
    0.50331,
    0.53977,
    0.43022,
    0.43097,
    0.47606,
    0.48571,
    0.50305,
    0.46026,
    0.50343,
    0.52374,
    0.51283,
    0.52604,
    0.50501,
    0.51652,
    0.49454,
    0.51977,
    0.49083,
    0.51392,
    0.50419,
    0.5122,
    0.5177,
    0.50248,
    0.50487
  ],