{
  "frame": [
    2048,
    4096,
    6144,
    8192,
    10240,
    12288,
    14336,
    16384,
    18432,
    20480,
    22528,
    24576,
    26624,
    28672,
    30720,
    32768,
    34816,
    36864,
    38912,
    40960,
    43008,
    45056,
    47104,
    49152,
    51200,
    53248,
    55296,
    57344,
    59392,
    61440,
    63488,
    65536,
    67584,
    69632,
    71680,
    73728,
    75776,
    77824,
    79872,
    81920,
    83968,
    86016,
    88064,
    90112,
    92160,
    94208,
    96256,
    98304,
    100352,
    102400,
    104448,
    106496,
    108544,
    110592,
    112640,
    114688,
    116736,
    118784,
    120832,
    122880,
    124928,
    126976,
    129024,
    131072,
    133120,
    135168,
    137216,
    139264,
    141312,
    143360,
    145408,
    147456,
    149504,
    151552,
    153600,
    155648,
    157696,
    159744,
    161792,
    163840,
    165888,
    167936,
    169984,
    172032,
    174080,
    176128,
    178176,
    180224,
    182272,
    184320,
    186368,
    188416,
    190464,
    192512,
    194560,
    196608,
    198656,
    200704
  ],
  "step": [
    21.23404,
    29.32857,
    49.92105,
    101.0,
    158.71428,
    181.8,
    255.83333,
    368.16666,
    461.5,
    500.0,
    500.0,
    500.0,
    397.83334,
    425.75,
    500.0,
    500.0,
    446.75,
    500.0,
    500.0,
    500.0,
    500.0,
    428.20001,
    500.0,
    500.0,
    500.0,
    500.0,
    500.0,
    500.0,
    500.0,
    500.0,
    500.0,
    500.0,
    500.0,
    500.0,
    500.0,
    500.0,
    500.0,
    448.39999,
    500.0,
    500.0,
    483.75,
    479.5,
    500.0,
    500.0,
    500.0,
    500.0,
    500.0,
    500.0,
    500.0,
    500.0,
    500.0,
    500.0,
    500.0,
    500.0,
    500.0,
    500.0,
    500.0,
    500.0,
    500.0,
    500.0,
    500.0,
    500.0,
    500.0,
    500.0,
    500.0,
    500.0,
    500.0,
    500.0,
    500.0,
    500.0,
    500.0,
    500.0,
    500.0,
    500.0,
    500.0,
    500.0,
    500.0,
    500.0,
    500.0,
    500.0,
    427.75,
    367.16666,
    389.83334,
    500.0,
    500.0,
    500.0,
    500.0,
    500.0,
    500.0,
    500.0,
    500.0,
    500.0,
    500.0,
    396.0,
    500.0,
    500.0,
    500.0,
    500.0
  ],
  "v_value": [
    -2.60605,
    -2.42743,
    4.55856,
    15.42065,
    22.60198,
    30.56817,
    40.12781,
    46.58414,
    52.8066,
    63.53328,
    71.45516,
    74.87984,
    75.37777,
    77.17809,
    78.90454,
    80.34396,
    81.64359,
    80.77095,
    82.64735,
    83.38776,
    77.87391,
    75.00674,
    74.87426,
    85.97105,
    88.40405,
    86.59738,
    86.13024,
    86.70155,
    85.78928,
    84.62004,
    85.1711,
    83.86435,
    83.24227,
    82.95811,
    82.20134,
    82.61275,
    79.60162,
    77.35108,
    78.16524,
    81.03205,
    80.41788,
    81.33572,
    84.36989,
    82.54155,
    84.03919,
    86.32166,
    86.78603,
    85.72392,
    79.21773,
    76.8661,
    82.41319,
    88.12067,
    91.7029,
    87.06841,
    88.32146,
    92.30684,
    93.65877,
    89.24706,
    87.40057,
    87.60701,
    87.65498,
    83.80299,
    86.2098,
    82.91338,
    82.76898,
    83.33136,
    83.02459,
    82.60786,
    80.41991,
    76.25306,
    71.34043,
    76.56178,
    83.42339,
    87.045,
    85.58086,
    83.96941,
    83.8386,
    86.0424,
    87.25408,
    87.6833,
    87.56982,
    82.1072,
    81.35942,
    82.4435,
    81.60239,
    79.84616,
    81.37067,
    81.84055,
    82.31352,
    80.56819,
    80.81409,
    81.94015,
    82.45177,
    82.89358,
    85.23937,
    85.03146,
    84.33176,
    84.99252
  ],
  "loss_p": [
    0.00197,
    0.00443,
    0.00381,
    0.00267,
    0.00139,
    0.00165,
    0.00257,
    0.00104,
    0.00506,
    0.00136,
    0.00076,
    -0.00018,
    1e-05,
    0.00072,
    -0.00029,
    8e-05,
    -7e-05,
    1e-05,
    -0.00031,
    0.00144,
    0.00044,
    0.00116,
    0.00249,
    -0.00077,
    0.00024,
    0.00058,
    0.0009,
    0.00028,
    0.00072,
    -0.00037,
    -0.00052,
    -0.00012,
    -0.00028,
    -6e-05,
    0.00041,
    -4e-05,
    0.00012,
    0.00024,
    0.00044,
    0.00019,
    0.0002,
    0.00077,
    -3e-05,
    0.00021,
    0.00058,
    0.0008,
    0.00026,
    -6e-05,
    0.00023,
    0.00058,
    0.00048,
    3e-05,
    -1e-05,
    0.00143,
    0.00151,
    0.00112,
    -7e-05,
    0.0004,
    0.00035,
    0.00063,
    -0.00048,
    0.00036,
    0.00041,
    0.00019,
    0.00026,
    0.00067,
    0.0008,
    0.00014,
    0.00204,
    0.00104,
    0.00082,
    0.00147,
    -0.00011,
    -8e-05,
    -0.00025,
    0.00029,
    0.00063,
    0.00162,
    0.00115,
    0.00071,
    -0.0004,
    0.00041,
    0.00045,
    -0.00014,
    -0.00045,
    0.00036,
    0.00048,
    -0.00017,
    -0.00015,
    0.00035,
    0.00086,
    0.00069,
    0.00025,
    0.00028,
    0.00032,
    0.00058,
    0.00036,
    0.00108
  ],
  "loss_v": [
    34.99364,
    34.19792,
    35.8935,
    34.23665,
    25.28315,
    14.98224,
    7.06777,
    11.79961,
    9.4706,
    16.98091,
    40.92333,
    46.09712,
    70.49268,
    54.55463,
    54.19713,
    53.1101,
    58.37842,
    53.57148,
    54.94394,
    54.65273,
    42.70395,
    42.1514,
    24.54879,
    47.19106,
    62.34508,
    61.4193,
    59.42483,
    62.01138,
    60.61197,
    69.40995,
    60.6037,
    57.92628,
    55.4082,
    55.11522,
    56.93961,
    55.41408,
    52.93743,
    63.22845,
    47.4362,
    54.09454,
    56.17826,
    57.40025,
    57.047,
    55.04638,
    58.367,
    61.82735,
    56.33754,
    50.97619,
    39.25277,
    24.48832,
    36.59376,
    55.79615,
    67.57166,
    57.10398,
    54.58704,
    60.82467,
    73.62695,
    70.4817,
    61.40688,
    62.91927,
    58.63753,
    68.05206,
    51.64357,
    58.08588,
    67.12688,
    53.14532,
    53.89088,
    65.31306,
    49.3263,
    43.23978,
    27.29975,
    44.16991,
    53.39974,
    61.97645,
    57.00232,
    51.36964,
    50.19681,
    59.73823,
    64.4789,
    62.70037,
    66.37434,
    82.62364,
    74.09328,
    57.30244,
    50.47804,
    56.44955,
    53.72319,
    56.73032,
    53.98778,
    52.85809,
    55.53952,
    54.63842,
    55.67574,
    54.96489,
    57.73346,
    59.72652,
    58.88366,
    68.01015
  ],
  "loss_ent": [
    0.68573,
    0.66297,
    0.62385,
    0.59267,
    0.58128,
    0.58751,
    0.57251,
    0.55443,
    0.55115,
    0.54555,
    0.52687,
    0.54354,
    0.54974,
    0.5306,
    0.5473,
    0.55324,
    0.54957,
    0.55371,
    0.54253,
    0.55861,
    0.56616,
    0.56073,
    0.55657,
    0.53659,
    0.51951,
    0.5193,
    0.51901,
    0.51659,
    0.49268,
    0.47762,
    0.48315,
    0.46463,
    0.51079,
    0.53007,
    0.51923,
    0.55104,
    0.54812,
    0.55808,
    0.55944,
    0.5521,
    0.54477,
    0.5353,
    0.5288,
    0.52309,
    0.52722,
    0.52959,
    0.51566,
    0.51545,
    0.5027,
    0.4979,
    0.49398,
    0.49997,
    0.52459,
    0.50449,
    0.50139,
    0.52096,
    0.52084,
    0.53341,
    0.52618,
    0.51497,
    0.52962,
    0.53871,
    0.53624,
    0.53888,
    0.54488,
    0.53401,
    0.51699,
    0.53292,
    0.52901,
    0.52118,
    0.52616,
    0.53974,
    0.52053,
    0.52963,
    0.54631,
    0.50538,
    0.52285,
    0.50657,
    0.50242,
    0.53852,
    0.53629,
    0.50224,
    0.50641,
    0.52096,
    0.50981,
    0.49704,
    0.4955,
    0.51327,
    0.52281,
    0.53359,
    0.53664,
    0.52264,
    0.56277,
    0.52029,
    0.52061,
    0.51733,
    0.50482,
    0.51429
  ],