{
  "frame": [
    1024,
    2048,
    3072,
    4096,
    5120,
    6144,
    7168,
    8192,
    9216,
    10240,
    11264,
    12288,
    13312,
    14336,
    15360,
    16384,
    17408,
    18432,
    19456,
    20480,
    21504,
    22528,
    23552,
    24576,
    25600,
    26624,
    27648,
    28672,
    29696,
    30720,
    31744,
    32768,
    33792,
    34816,
    35840,
    36864,
    37888,
    38912,
    39936,
    40960,
    41984,
    43008,
    44032,
    45056,
    46080,
    47104,
    48128,
    49152,
    50176,
    51200,
    52224,
    53248,
    54272,
    55296,
    56320,
    57344,
    58368,
    59392,
    60416,
    61440,
    62464,
    63488,
    64512,
    65536,
    66560,
    67584,
    68608,
    69632,
    70656,
    71680,
    72704,
    73728,
    74752,
    75776,
    76800,
    77824,
    78848,
    79872,
    80896,
    81920,
    82944,
    83968,
    84992,
    86016,
    87040,
    88064,
    89088,
    90112,
    91136,
    92160,
    93184,
    94208,
    95232,
    96256,
    97280,
    98304,
    99328,
    100352,
    101376,
    102400,
    103424,
    104448,
    105472,
    106496,
    107520,
    108544,
    109568,
    110592,
    111616,
    112640,
    113664,
    114688,
    115712,
    116736,
    117760,
    118784,
    119808,
    120832,
    121856,
    122880,
    123904,
    124928,
    125952,
    126976,
    128000,
    129024,
    130048,
    131072,
    132096,
    133120,
    134144,
    135168,
    136192,
    137216,
    138240,
    139264,
    140288,
    141312,
    142336,
    143360,
    144384,
    145408,
    146432,
    147456,
    148480,
    149504,
    150528,
    151552,
    152576,
    153600,
    154624,
    155648,
    156672,
    157696,
    158720,
    159744,
    160768,
    161792,
    162816,
    163840,
    164864,
    165888,
    166912,
    167936,
    168960,
    169984,
    171008,
    172032,
    173056,
    174080,
    175104,
    176128,
    177152,
    178176,
    179200,
    180224,
    181248,
    182272,
    183296,
    184320,
    185344,
    186368,
    187392,
    188416,
    189440,
    190464,
    191488,
    192512,
    193536,
    194560,
    195584,
    196608,
    197632,
    198656,
    199680,
    200704
  ],
  "step": [
    112.5,
    239.0,
    365.0,
    null,
    null,
    551.40002,
    null,
    602.5,
    533.5,
    null,
    428.0,
    486.0,
    479.0,
    339.33334,
    501.14285,
    138.5,
    204.5,
    172.0,
    386.0,
    633.0,
    null,
    660.0,
    971.0,
    417.0,
    242.5,
    624.0,
    474.0,
    227.66667,
    469.33334,
    92.5,
    391.0,
    658.0,
    318.25,
    190.625,
    153.5,
    226.5,
    510.66666,
    532.0,
    226.0,
    287.0,
    696.0,
    762.40002,
    446.5,
    224.5,
    404.25,
    225.39999,
    null,
    702.0,
    352.0,
    534.0,
    423.0,
    801.0,
    351.39999,
    null,
    491.5,
    350.71429,
    1014.0,
    225.0,
    235.0,
    252.33333,
    221.25,
    515.79999,
    null,
    208.0,
    442.75,
    87.5,
    60.0,
    491.0,
    70.0,
    700.33331,
    644.66669,
    140.66667,
    245.75,
    98.0,
    284.0,
    391.66666,
    384.60001,
    391.79999,
    165.0,
    525.0,
    277.5,
    661.0,
    574.33331,
    115.0,
    491.66666,
    873.0,
    461.75,
    270.33334,
    413.0,
    311.0,
    450.33334,
    158.0,
    null,
    321.0,
    934.0,
    591.66669,
    557.0,
    97.4,
    132.83333,
    307.0,
    492.0,
    256.0,
    454.75,
    107.0,
    213.0,
    765.33331,
    461.5,
    297.0,
    177.0,
    282.66666,
    245.0,
    348.0,
    764.66669,
    193.0,
    224.0,
    506.25,
    144.0,
    593.5,
    538.33331,
    204.0,
    160.75,
    1318.0,
    450.25,
    174.0,
    639.75,
    196.0,
    340.33334,
    406.5,
    554.5,
    336.5,
    382.5,
    334.0,
    252.0,
    215.0,
    145.0,
    763.0,
    533.0,
    693.66669,
    734.0,
    155.0,
    221.33333,
    403.66666,
    275.5,
    270.66666,
    727.0,
    166.5,
    455.5,
    516.5,
    348.66666,
    373.75,
    113.0,
    446.25,
    240.5,
    747.66669,
    503.66666,
    274.5,
    249.33333,
    261.0,
    108.66666,
    440.5,
    319.60001,
    838.0,
    277.0,
    407.0,
    254.0,
    629.0,
    268.0,
    766.5,
    800.0,
    478.0,
    188.0,
    220.33333,
    316.0,
    492.5,
    333.33334,
    279.0,
    506.0,
    457.75,
    212.33333,
    364.0,
    151.0,
    403.0,
    414.0,
    624.0,
    418.0,
    208.0,
    493.0,
    null,
    224.5,
    492.33334,
    348.0,
    426.0,
    247.66667,
    441.33334,
    252.66667,
    214.5
  ],
  "v_value": [
    null,
    null,
    null,
    null,
    null,
    null,
    null,
    null,
    null,
    null,
    null,
    null,
    null,
    null,
    null,
    null,
    null,
    null,
    null,
    null,
    null,
    null,
    null,
    null,
    null,
    null,
    null,
    null,
    null,
    null,
    null,
    null,
    null,
    null,
    null,
    null,
    null,
    null,
    null,
    null,
    null,
    null,
    null,
    null,
    null,
    null,
    null,
    null,
    null,
    null,
    null,
    null,
    null,
    null,
    null,
    null,
    null,
    null,
    null,
    null,
    null,
    null,
    null,
    null,
    null,
    null,
    null,
    null,
    null,
    null,
    null,
    null,
    null,
    null,
    null,
    null,
    null,
    null,
    null,
    null,
    null,
    null,
    null,
    null,
    null,
    null,
    null,
    null,
    null,
    null,
    null,
    null,
    null,
    null,
    null,
    null,
    null,
    null,
    null,
    null,
    null,
    null,
    null,
    null,
    null,
    null,
    null,
    null,
    null,
    null,
    null,
    null,
    null,
    null,
    null,
    null,
    null,
    null,
    null,
    null,
    null,
    null,
    null,
    null,
    null,
    null,
    null,
    null,
    null,
    null,
    null,
    null,
    null,
    null,
    null,
    null,
    null,
    null,
    null,
    null,
    null,
    null,
    null,
    null,
    null,
    null,
    null,
    null,
    null,
    null,
    null,
    null,
    null,
    null,
    null,
    null,
    null,
    null,
    null,
    null,
    null,
    null,
    null,
    null,
    null,
    null,
    null,
    null,
    null,
    null,
    null,
    null,
    null,
    null,
    null,
    null,
    null,
    null,
    null,
    null,
    null,
    null,
    null,
    null,
    null,
    null,
    null,
    null,
    null,
    null,
    null,
    null,
    null,
    null,
    null,
    null
  ],