{
  "frame": [
    2048,
    4096,
    6144,
    8192,
    10240,
    12288,
    14336,
    16384,
    18432,
    20480,
    22528,
    24576,
    26624,
    28672,
    30720,
    32768,
    34816,
    36864,
    38912,
    40960,
    43008,
    45056,
    47104,
    49152,
    51200,
    53248,
    55296,
    57344,
    59392,
    61440,
    63488,
    65536,
    67584,
    69632,
    71680,
    73728,
    75776,
    77824,
    79872,
    81920,
    83968,
    86016,
    88064,
    90112,
    92160,
    94208,
    96256,
    98304,
    100352,
    102400,
    104448,
    106496,
    108544,
    110592,
    112640,
    114688,
    116736,
    118784,
    120832,
    122880,
    124928,
    126976,
    129024,
    131072,
    133120,
    135168,
    137216,
    139264,
    141312,
    143360,
    145408,
    147456,
    149504,
    151552,
    153600,
    155648,
    157696,
    159744,
    161792,
    163840,
    165888,
    167936,
    169984,
    172032,
    174080,
    176128,
    178176,
    180224,
    182272,
    184320,
    186368,
    188416,
    190464,
    192512,
    194560,
    196608,
    198656,
    200704
  ],
  "step": [
    25.68831,
    36.01818,
    63.87097,
    119.5,
    193.63637,
    187.2,
    295.66666,
    455.5,
    423.25,
    500.0,
    500.0,
    500.0,
    500.0,
    459.0,
    382.0,
    500.0,
    500.0,
    500.0,
    500.0,
    500.0,
    500.0,
    500.0,
    500.0,
    500.0,
    500.0,
    500.0,
    500.0,
    500.0,
    500.0,
    500.0,
    426.25,
    500.0,
    500.0,
    500.0,
    500.0,
    500.0,
    500.0,
    500.0,
    500.0,
    500.0,
    500.0,
    500.0,
    500.0,
    500.0,
    451.0,
    500.0,
    500.0,
    500.0,
    500.0,
    500.0,
    500.0,
    500.0,
    500.0,
    500.0,
    500.0,
    500.0,
    500.0,
    500.0,
    500.0,
    500.0,
    500.0,
    500.0,
    500.0,
    500.0,
    500.0,
    500.0,
    500.0,
    500.0,
    500.0,
    500.0,
    500.0,
    500.0,
    500.0,
    500.0,
    500.0,
    500.0,
    500.0,
    500.0,
    500.0,
    441.0,
    500.0,
    500.0,
    500.0,
    500.0,
    500.0,
    500.0,
    500.0,
    500.0,
    500.0,
    500.0,
    500.0,
    500.0,
    500.0,
    214.60001,
    253.2,
    397.60001,
    500.0,
    500.0
  ],
  "v_value": [
    -0.93611,
    2.6915,
    9.90368,
    19.63513,
    25.24912,
    31.71623,
    33.24018,
    46.3306,
    52.52906,
    60.95842,
    67.9016,
    71.97072,
    73.30983,
    69.59256,
    78.06279,
    80.65376,
    80.02933,
    82.74824,
    82.10548,
    83.0552,
    80.29575,
    82.63485,
    83.95432,
    87.1424,
    86.48845,
    85.88819,
    86.09146,
    85.90397,
    83.86969,
    83.98684,
    85.70039,
    87.26063,
    85.96763,
    82.5153,
    83.74903,
    87.31106,
    86.13198,
    83.65131,
    83.336,
    82.55988,
    81.65312,
    83.8335,
    81.86275,
    81.90792,
    82.85862,
    85.15004,
    87.92925,
    86.80125,
    86.7971,
    85.19347,
    82.07976,
    86.9215,
    87.22872,
    86.58727,
    87.11797,
    87.6158,
    87.32669,
    87.00014,
    86.4549,
    85.82129,
    84.94023,
    85.40887,
    84.90206,
    84.59984,
    83.4801,
    84.19775,
    84.63905,
    84.58017,
    85.45283,
    85.72682,
    83.95176,
    83.38004,
    83.34689,
    82.99394,
    81.37881,
    81.3832,
    80.97231,
    80.23389,
    80.97894,
    79.42022,
    80.19125,
    81.64443,
    81.46364,
    81.65874,
    82.52486,
    82.39754,
    82.06886,
    82.13286,
    82.05208,
    82.53183,
    82.02919,
    82.94374,
    84.08293,
    76.63221,
    75.79533,
    78.84605,
    80.5637,
    80.68668
  ],
  "loss_p": [
    0.00196,
    0.00357,
    0.00274,
    0.00205,
    0.00115,
    0.00141,
    0.00203,
    0.00068,
    0.00087,
    0.00086,
    0.0005,
    0.00054,
    0.00079,
    0.00076,
    -0.00011,
    0.00116,
    9e-05,
    0.0003,
    -0.0001,
    -0.00019,
    0.00081,
    0.00075,
    0.00092,
    -7e-05,
    -5e-05,
    -0.00033,
    0.00033,
    0.00021,
    -0.00018,
    0.00084,
    0.0002,
    0.00068,
    -0.00043,
    0.00098,
    -0.00034,
    -0.00031,
    0.00036,
    0.00087,
    0.00057,
    -4e-05,
    -0.00045,
    -0.00038,
    -3e-05,
    -5e-05,
    0.00039,
    0.00121,
    0.00024,
    0.00088,
    0.00041,
    -5e-05,
    0.00039,
    -0.00023,
    0.00019,
    0.00044,
    -9e-05,
    8e-05,
    -0.00086,
    -0.00048,
    -0.00075,
    -0.00018,
    0.00097,
    0.00023,
    -0.00048,
    -0.00067,
    -4e-05,
    -0.00043,
    -0.00049,
    3e-05,
    -0.00047,
    6e-05,
    0.00064,
    -0.00016,
    2e-05,
    0.00017,
    0.0004,
    -0.00019,
    0.00048,
    -0.00043,
    -0.00093,
    -1e-05,
    0.00133,
    0.00039,
    -7e-05,
    -0.00011,
    -8e-05,
    0.00015,
    0.00028,
    -0.00044,
    -0.00077,
    0.00062,
    -0.0001,
    0.00019,
    0.0006,
    0.00035,
    0.00037,
    0.00074,
    0.00079,
    0.00063
  ],
  "loss_v": [
    41.77508,
    37.46363,
    39.95348,
    39.24774,
    36.99293,
    30.31406,
    15.47908,
    21.58025,
    12.32998,
    28.23507,
    31.2884,
    24.98982,
    46.89561,
    20.61661,
    76.70961,
    52.24531,
    47.09597,
    61.17145,
    52.23864,
    55.8001,
    48.39205,
    52.93408,
    55.98711,
    61.6751,
    61.68377,
    60.26443,
    58.96511,
    57.18014,
    57.80524,
    58.39747,
    49.36222,
    59.2528,
    62.70877,
    56.13992,
    54.75759,
    69.6823,
    59.3007,
    58.32904,
    57.1188,
    53.70095,
    51.66848,
    55.35837,
    54.39375,
    48.75729,
    73.00011,
    58.80052,
    65.16953,
    55.61479,
    60.62897,
    54.44024,
    49.49343,
    62.99915,
    58.5219,
    60.48982,
    64.1641,
    63.93431,
    60.04273,
    62.7613,
    62.09339,
    60.32693,
    58.07426,
    60.34983,
    59.47989,
    58.33937,
    57.4142,
    58.8165,
    57.81121,
    59.73244,
    59.15314,
    72.21507,
    58.58312,
    56.5249,
    55.74634,
    65.83709,
    55.53797,
    50.92087,
    50.46117,
    53.37432,
    54.63424,
    62.09442,
    54.66409,
    54.81564,
    55.95756,
    56.23628,
    55.7345,
    55.53692,
    56.2418,
    56.1031,
    55.93644,
    55.83437,
    53.61141,
    55.41941,
    56.54872,
    132.9411,
    118.45493,
    62.4958,
    56.17096,
    45.58655
  ],
  "loss_ent": [
    0.68005,
    0.64208,
    0.60859,
    0.59356,
    0.57532,
    0.55872,
    0.55421,
    0.55428,
    0.5296,
    0.53582,
    0.53335,
    0.56336,
    0.54842,
    0.56908,
    0.55404,
    0.52874,
    0.52847,
    0.52848,
    0.53206,
    0.53096,
    0.52809,
    0.53137,
    0.54592,
    0.54156,
    0.57066,
    0.54593,
    0.53956,
    0.53922,
    0.55234,
    0.5563,
    0.54072,
    0.53125,
    0.52431,
    0.52329,
    0.54087,
    0.53611,
    0.52877,
    0.52401,
    0.5247,
    0.5293,
    0.51499,
    0.52421,
    0.53509,
    0.55275,
    0.53307,
    0.5206,
    0.52467,
    0.53514,
    0.52594,
    0.5189,
    0.52107,
    0.52812,
    0.5245,
    0.51036,
    0.51945,
    0.50518,
    0.49889,
    0.51433,
    0.49407,
    0.48454,
    0.48096,
    0.47607,
    0.48224,
    0.49401,
    0.49537,
    0.50104,
    0.49087,
    0.47392,
    0.4974,
    0.49619,
    0.49772,
    0.50764,
    0.52753,
    0.52215,
    0.52728,
    0.54009,
    0.5336,
    0.5422,
    0.54162,
    0.49766,
    0.49581,
    0.55333,
    0.53767,
    0.53401,
    0.53264,
    0.53133,
    0.52812,
    0.53978,
    0.54644,
    0.53796,
    0.54192,
    0.55953,
    0.58002,
    0.53142,
    0.52398,
    0.53889,
    0.54341,
    0.52941
  ],