{
  "frame": [
    2048,
    4096,
    6144,
    8192,
    10240,
    12288,
    14336,
    16384,
    18432,
    20480,
    22528,
    24576,
    26624,
    28672,
    30720,
    32768,
    34816,
    36864,
    38912,
    40960,
    43008,
    45056,
    47104,
    49152,
    51200,
    53248,
    55296,
    57344,
    59392,
    61440,
    63488,
    65536,
    67584,
    69632,
    71680,
    73728,
    75776,
    77824,
    79872,
    81920,
    83968,
    86016,
    88064,
    90112,
    92160,
    94208,
    96256,
    98304,
    100352,
    102400,
    104448,
    106496,
    108544,
    110592,
    112640,
    114688,
    116736,
    118784,
    120832,
    122880,
    124928,
    126976,
    129024,
    131072,
    133120,
    135168,
    137216,
    139264,
    141312,
    143360,
    145408,
    147456,
    149504,
    151552,
    153600,
    155648,
    157696,
    159744,
    161792,
    163840,
    165888,
    167936,
    169984,
    172032,
    174080,
    176128,
    178176,
    180224,
    182272,
    184320,
    186368,
    188416,
    190464,
    192512,
    194560,
    196608,
    198656,
    200704
  ],
  "step": [
    21.84444,
    37.53704,
    78.5,
    122.11765,
    186.18182,
    221.71428,
    336.20001,
    500.0,
    500.0,
    500.0,
    500.0,
    500.0,
    500.0,
    500.0,
    500.0,
    420.0,
    490.75,
    500.0,
    500.0,
    500.0,
    500.0,
    500.0,
    500.0,
    500.0,
    500.0,
    500.0,
    500.0,
    500.0,
    500.0,
    500.0,
    500.0,
    500.0,
    500.0,
    500.0,
    500.0,
    500.0,
    500.0,
    500.0,
    500.0,
    500.0,
    500.0,
    500.0,
    500.0,
    500.0,
    500.0,
    436.79999,
    500.0,
    500.0,
    500.0,
    500.0,
    500.0,
    500.0,
    500.0,
    500.0,
    500.0,
    500.0,
    500.0,
    500.0,
    500.0,
    500.0,
    500.0,
    500.0,
    500.0,
    500.0,
    500.0,
    500.0,
    500.0,
    500.0,
    500.0,
    500.0,
    427.25,
    461.5,
    500.0,
    500.0,
    500.0,
    473.0,
    500.0,
    500.0,
    500.0,
    500.0,
    500.0,
    500.0,
    500.0,
    462.25,
    313.5,
    437.85715,
    500.0,
    500.0,
    500.0,
    500.0,
    500.0,
    500.0,
    500.0,
    500.0,
    500.0,
    500.0,
    500.0,
    500.0
  ],
  "v_value": [
    -2.08924,
    1.49828,
    10.53944,
    19.52245,
    25.58397,
    38.04025,
    43.62281,
    56.18391,
    64.34834,
    68.45467,
    73.15565,
    74.07298,
    74.3535,
    76.60848,
    77.11539,
    76.53689,
    76.68892,
    78.18439,
    78.11748,
    78.42426,
    77.30083,
    77.12281,
    80.41709,
    82.93955,
    75.99352,
    77.86112,
    85.77174,
    86.22562,
    85.73393,
    87.96524,
    87.14888,
    86.11385,
    88.18965,
    87.08649,
    83.17928,
    80.40096,
    80.65378,
    88.62341,
    89.83779,
    86.7907,
    87.4967,
    93.54371,
    92.69402,
    87.79253,
    77.1825,
    82.85149,
    90.44475,
    91.5733,
    94.1736,
    95.37006,
    95.39468,
    88.60333,
    90.09734,
    88.92241,
    86.17911,
    83.65968,
    81.00445,
    79.90974,
    79.95797,
    79.55406,
    79.66283,
    80.5201,
    81.66933,
    82.17746,
    81.89626,
    82.44795,
    82.47808,
    82.8642,
    82.75526,
    83.5283,
    80.00735,
    81.35398,
    82.3362,
    81.69484,
    81.86937,
    80.04079,
    80.78033,
    81.67304,
    81.02875,
    82.71738,
    80.82346,
    79.00755,
    82.56191,
    85.37666,
    82.64052,
    84.80373,
    84.49614,
    83.42368,
    82.02278,
    81.58881,
    81.1993,
    81.21602,
    80.21769,
    80.02361,
    79.49446,
    78.82448,
    79.29901,
    79.46665
  ],
  "loss_p": [
    0.00226,
    0.00317,
    0.00257,
    0.00163,
    0.00131,
    0.0016,
    0.00157,
    0.00034,
    0.00139,
    0.00143,
    0.00019,
    0.00022,
    0.00043,
    0.0007,
    0.00043,
    -0.00011,
    0.00084,
    0.00022,
    0.00097,
    -0.00034,
    -0.00049,
    0.00153,
    -0.00056,
    -0.00068,
    0.00073,
    0.00066,
    -0.00091,
    0.00017,
    -0.00034,
    -4e-05,
    -0.00058,
    0.00097,
    -0.00012,
    -0.00084,
    -0.00012,
    -0.00035,
    0.00037,
    0.00014,
    -0.00012,
    0.00022,
    -0.00026,
    0.00053,
    -0.00066,
    0.00014,
    0.00029,
    0.00066,
    -0.00035,
    -0.00067,
    -0.00024,
    0.00114,
    0.00022,
    0.00084,
    0.00203,
    0.00021,
    0.00198,
    0.00024,
    0.00126,
    -0.00073,
    -5e-05,
    0.00076,
    0.00182,
    0.00099,
    0.00061,
    -0.00016,
    -0.00022,
    0.0003,
    -0.0,
    -0.00024,
    -0.00024,
    0.00025,
    0.0018,
    -3e-05,
    -0.00011,
    0.00042,
    8e-05,
    0.00047,
    0.00098,
    -0.00024,
    -0.00045,
    -0.0005,
    -1e-05,
    -0.00033,
    -0.00021,
    0.00023,
    0.00058,
    0.00046,
    0.00126,
    -5e-05,
    -0.00089,
    0.00029,
    0.00095,
    0.00197,
    0.00139,
    0.0022,
    0.00097,
    -0.00061,
    0.00259,
    0.00047
  ],
  "loss_v": [
    38.53262,
    36.61868,
    37.38177,
    31.37665,
    17.41939,
    15.36308,
    17.76247,
    17.44418,
    31.22234,
    32.09947,
    39.56023,
    48.69866,
    49.39396,
    47.84016,
    49.7568,
    55.30639,
    53.8431,
    51.02686,
    50.21493,
    51.25193,
    40.76561,
    48.37664,
    52.03589,
    54.95038,
    44.65833,
    37.76107,
    59.40271,
    62.62941,
    58.07523,
    57.78484,
    65.04758,
    56.07738,
    65.54772,
    59.52941,
    51.84761,
    41.33961,
    45.38722,
    59.76225,
    64.66267,
    54.62809,
    57.17849,
    72.19081,
    68.26917,
    51.95461,
    19.25316,
    23.78847,
    46.39261,
    49.73272,
    47.48316,
    66.34565,
    68.30656,
    64.82928,
    63.47976,
    89.60703,
    60.67677,
    58.14025,
    55.81926,
    52.31091,
    52.43305,
    51.448,
    52.37019,
    51.703,
    55.94836,
    56.29947,
    55.31813,
    55.19926,
    56.37293,
    56.10465,
    57.37288,
    56.67965,
    48.40745,
    74.12428,
    56.70024,
    51.01228,
    56.40275,
    47.8491,
    54.22738,
    55.98391,
    54.83759,
    54.63441,
    53.46275,
    50.32566,
    51.50474,
    64.56575,
    85.68944,
    91.7646,
    56.26642,
    59.30367,
    54.5642,
    56.09454,
    55.13979,
    53.34504,
    60.52824,
    53.22883,
    51.94018,
    52.29626,
    52.2704,
    52.53212
  ],
  "loss_ent": [
    0.68121,
    0.64543,
    0.6048,
    0.5942,
    0.58869,
    0.56468,
    0.55044,
    0.52852,
    0.53996,
    0.52168,
    0.54221,
    0.53633,
    0.53744,
    0.53426,
    0.53806,
    0.54238,
    0.53297,
    0.54583,
    0.51072,
    0.52735,
    0.50187,
    0.50475,
    0.52126,
    0.50792,
    0.54233,
    0.51841,
    0.52941,
    0.52153,
    0.52101,
    0.5193,
    0.51246,
    0.49271,
    0.52481,
    0.51654,
    0.54145,
    0.51986,
    0.51849,
    0.49576,
    0.49814,
    0.53646,
    0.53054,
    0.55087,
    0.52151,
    0.50807,
    0.50975,
    0.52405,
    0.51836,
    0.54136,
    0.5325,
    0.50403,
    0.51483,
    0.51876,
    0.49806,
    0.51702,
    0.50455,
    0.48003,
    0.4833,
    0.47972,
    0.45937,
    0.46791,
    0.4653,
    0.48631,
    0.48924,
    0.50605,
    0.49918,
    0.51405,
    0.50424,
    0.50477,
    0.50095,
    0.48719,
    0.4878,
    0.48736,
    0.4989,
    0.50866,
    0.51038,
    0.46858,
    0.46089,
    0.48658,
    0.48951,
    0.51674,
    0.52613,
    0.5106,
    0.52091,
    0.48601,
    0.45666,
    0.46019,
    0.48524,
    0.48499,
    0.5027,
    0.46892,
    0.47209,
    0.46788,
    0.47552,
    0.49496,
    0.4846,
    0.4852,
    0.49822,
    0.48807
  ],