{
  "frame": [
    2048,
    4096,
    6144,
    8192,
    10240,
    12288,
    14336,
    16384,
    18432,
    20480,
    22528,
    24576,
    26624,
    28672,
    30720,
    32768,
    34816,
    36864,
    38912,
    40960,
    43008,
    45056,
    47104,
    49152,
    51200,
    53248,
    55296,
    57344,
    59392,
    61440,
    63488,
    65536,
    67584,
    69632,
    71680,
    73728,
    75776,
    77824,
    79872,
    81920,
    83968,
    86016,
    88064,
    90112,
    92160,
    94208,
    96256,
    98304,
    100352,
    102400,
    104448,
    106496,
    108544,
    110592,
    112640,
    114688,
    116736,
    118784,
    120832,
    122880,
    124928,
    126976,
    129024,
    131072,
    133120,
    135168,
    137216,
    139264,
    141312,
    143360,
    145408,
    147456,
    149504,
    151552,
    153600,
    155648,
    157696,
    159744,
    161792,
    163840,
    165888,
    167936,
    169984,
    172032,
    174080,
    176128,
    178176,
    180224,
    182272,
    184320,
    186368,
    188416,
    190464,
    192512,
    194560,
    196608,
    198656,
    200704
  ],
  "step": [
    24.7125,
    31.95385,
    51.26316,
    108.82353,
    184.09091,
    318.60001,
    278.5,
    394.16666,
    456.5,
    500.0,
    500.0,
    500.0,
    500.0,
    500.0,
    500.0,
    451.39999,
    500.0,
    500.0,
    500.0,
    500.0,
    500.0,
    500.0,
    500.0,
    500.0,
    500.0,
    500.0,
    500.0,
    500.0,
    500.0,
    500.0,
    500.0,
    440.0,
    500.0,
    500.0,
    500.0,
    500.0,
    500.0,
    500.0,
    500.0,
    500.0,
    500.0,
    500.0,
    500.0,
    500.0,
    500.0,
    500.0,
    500.0,
    500.0,
    500.0,
    500.0,
    500.0,
    500.0,
    500.0,
    500.0,
    500.0,
    500.0,
    500.0,
    500.0,
    500.0,
    500.0,
    500.0,
    500.0,
    500.0,
    500.0,
    500.0,
    500.0,
    500.0,
    500.0,
    500.0,
    500.0,
    500.0,
    500.0,
    500.0,
    500.0,
    500.0,
    500.0,
    500.0,
    500.0,
    483.0,
    263.0,
    213.875,
    374.60001,
    500.0,
    500.0,
    500.0,
    500.0,
    500.0,
    500.0,
    500.0,
    500.0,
    500.0,
    500.0,
    500.0,
    500.0,
    500.0,
    500.0,
    500.0,
    500.0
  ],
  "v_value": [
    -1.78364,
    0.09724,
    5.82538,
    14.28037,
    24.37458,
    31.70881,
    39.09324,
    47.06877,
    47.21517,
    64.49599,
    70.21992,
    74.59464,
    76.50475,
    73.22628,
    73.11995,
    68.22518,
    70.40836,
    85.73962,
    85.1317,
    89.39479,
    86.2077,
    76.97449,
    84.24108,
    90.34181,
    88.28366,
    88.97916,
    88.60487,
    78.49553,
    81.5743,
    83.88975,
    87.71322,
    85.54997,
    86.54482,
    86.33976,
    74.70384,
    76.23744,
    68.57951,
    66.20759,
    80.25768,
    85.49403,
    86.47778,
    88.15495,
    76.86189,
    86.70459,
    93.33874,
    89.88368,
    89.88798,
    77.42775,
    82.804,
    86.09448,
    85.01414,
    83.3853,
    88.42468,
    84.95021,
    86.23759,
    83.03938,
    82.7233,
    85.86385,
    85.97899,
    86.66235,
    85.75768,
    79.35835,
    82.41289,
    84.04336,
    85.38893,
    84.91646,
    83.60226,
    85.36696,
    85.20712,
    85.05702,
    85.06731,
    84.08772,
    84.30789,
    84.55556,
    83.79272,
    85.12904,
    84.882,
    85.09512,
    83.87464,
    76.24111,
    69.5054,
    74.39026,
    78.00575,
    81.09452,
    83.04391,
    82.64573,
    84.56136,
    85.31554,
    84.79621,
    86.48808,
    89.22613,
    89.39407,
    89.18175,
    87.43889,
    85.80776,
    85.17198,
    84.66722,
    84.86298
  ],
  "loss_p": [
    0.00177,
    0.00382,
    0.00333,
    0.00238,
    0.00182,
    0.00034,
    0.00254,
    0.00486,
    0.00338,
    -0.00032,
    0.00134,
    0.00108,
    -0.00041,
    0.00014,
    -0.00013,
    0.00125,
    0.00025,
    -0.00067,
    0.00065,
    -0.00011,
    0.00037,
    0.00182,
    0.00033,
    -0.00036,
    -0.00014,
    -0.00028,
    -0.00039,
    -2e-05,
    0.00064,
    0.00049,
    -0.00038,
    0.00028,
    4e-05,
    9e-05,
    0.00119,
    -0.00013,
    0.00028,
    0.00061,
    9e-05,
    -0.00062,
    0.00116,
    -0.00014,
    0.00102,
    0.00058,
    2e-05,
    0.00035,
    0.00052,
    0.0001,
    0.00132,
    0.00027,
    0.00065,
    0.00036,
    -0.00032,
    0.0009,
    0.00045,
    -0.00022,
    -0.00031,
    -0.00033,
    -0.00016,
    0.00066,
    3e-05,
    3e-05,
    0.00076,
    0.00038,
    6e-05,
    -0.0002,
    -0.00027,
    0.00011,
    4e-05,
    -0.00012,
    -0.00031,
    -0.00041,
    -0.00078,
    0.00015,
    0.00039,
    -0.00016,
    0.0005,
    0.00029,
    -0.00016,
    0.00012,
    0.00105,
    0.00074,
    0.00048,
    -0.00053,
    0.00083,
    0.00158,
    -0.0002,
    0.00095,
    0.00126,
    0.00126,
    -0.00088,
    -0.00078,
    -0.0001,
    0.00038,
    0.00011,
    0.00013,
    0.0002,
    1e-05
  ],
  "loss_v": [
    37.48433,
    32.5292,
    36.48849,
    31.19954,
    16.66078,
    8.07876,
    7.68019,
    11.07285,
    7.87671,
    22.80003,
    32.81255,
    45.08583,
    44.4054,
    35.40881,
    24.35508,
    13.98865,
    14.4636,
    51.50784,
    45.73462,
    64.55621,
    55.48151,
    27.66157,
    46.58122,
    68.05103,
    61.07838,
    64.71175,
    65.05541,
    31.0127,
    27.66283,
    51.17635,
    45.40703,
    81.632,
    67.95084,
    59.2264,
    35.68515,
    28.37302,
    14.22701,
    4.79771,
    25.38205,
    37.51985,
    54.72588,
    58.67649,
    25.90217,
    43.71976,
    71.85074,
    60.03912,
    57.86793,
    56.75603,
    39.72524,
    52.55319,
    36.289,
    57.17434,
    62.3897,
    57.90844,
    53.01647,
    59.75318,
    51.02798,
    65.49408,
    58.47507,
    61.37914,
    58.36337,
    55.56785,
    53.06826,
    56.88821,
    72.22498,
    54.25263,
    57.1824,
    60.14417,
    58.30485,
    60.97052,
    59.87024,
    56.75439,
    57.59796,
    69.1032,
    57.07538,
    60.70943,
    58.54295,
    59.23656,
    53.74757,
    75.97557,
    88.29707,
    72.56283,
    53.06712,
    55.17036,
    52.5603,
    53.53919,
    56.06695,
    60.31251,
    58.0941,
    61.81535,
    66.90596,
    65.31677,
    65.13804,
    75.73332,
    60.77775,
    60.15524,
    55.36083,
    59.53896
  ],
  "loss_ent": [
    0.67823,
    0.64501,
    0.60204,
    0.57571,
    0.56641,
    0.56509,
    0.55705,
    0.56006,
    0.56718,
    0.55633,
    0.57763,
    0.55809,
    0.55537,
    0.55788,
    0.55118,
    0.54818,
    0.5613,
    0.53756,
    0.52575,
    0.55417,
    0.52978,
    0.53121,
    0.54272,
    0.53429,
    0.52634,
    0.54011,
    0.54671,
    0.5302,
    0.52881,
    0.53184,
    0.50905,
    0.51033,
    0.51471,
    0.53295,
    0.5177,
    0.50503,
    0.50874,
    0.50311,
    0.51267,
    0.50369,
    0.52345,
    0.51777,
    0.5095,
    0.52584,
    0.52766,
    0.51822,
    0.53359,
    0.50562,
    0.52931,
    0.52942,
    0.51568,
    0.52382,
    0.52076,
    0.50405,
    0.52398,
    0.5171,
    0.51819,
    0.51602,
    0.4893,
    0.50944,
    0.50753,
    0.51886,
    0.51342,
    0.49317,
    0.49378,
    0.49979,
    0.50837,
    0.50542,
    0.49142,
    0.48049,
    0.49701,
    0.4792,
    0.48293,
    0.4983,
    0.51111,
    0.5256,
    0.52263,
    0.53902,
    0.50552,
    0.46938,
    0.4761,
    0.48924,
    0.49636,
    0.524,
    0.51029,
    0.49726,
    0.50192,
    0.49914,
    0.49238,
    0.50014,
    0.49532,
    0.48915,
    0.49572,
    0.49,
    0.48136,
    0.51528,
    0.53413,
    0.5359
  ],