{
  "frame": [
    2048,
    4096,
    6144,
    8192,
    10240,
    12288,
    14336,
    16384,
    18432,
    20480,
    22528,
    24576,
    26624,
    28672,
    30720,
    32768,
    34816,
    36864,
    38912,
    40960,
    43008,
    45056,
    47104,
    49152,
    51200,
    53248,
    55296,
    57344,
    59392,
    61440,
    63488,
    65536,
    67584,
    69632,
    71680,
    73728,
    75776,
    77824,
    79872,
    81920,
    83968,
    86016,
    88064,
    90112,
    92160,
    94208,
    96256,
    98304,
    100352,
    102400,
    104448,
    106496,
    108544,
    110592,
    112640,
    114688,
    116736,
    118784,
    120832,
    122880,
    124928,
    126976,
    129024,
    131072,
    133120,
    135168,
    137216,
    139264,
    141312,
    143360,
    145408,
    147456,
    149504,
    151552,
    153600,
    155648,
    157696,
    159744,
    161792,
    163840,
    165888,
    167936,
    169984,
    172032,
    174080,
    176128,
    178176,
    180224,
    182272,
    184320,
    186368,
    188416,
    190464,
    192512,
    194560,
    196608,
    198656,
    200704
  ],
  "step": [
    21.54839,
    33.63793,
    49.45,
    101.94736,
    212.77777,
    266.66666,
    437.39999,
    500.0,
    372.16666,
    437.0,
    500.0,
    475.0,
    384.0,
    318.0,
    426.5,
    500.0,
    442.16666,
    401.0,
    496.5,
    500.0,
    500.0,
    500.0,
    500.0,
    500.0,
    500.0,
    500.0,
    500.0,
    500.0,
    500.0,
    500.0,
    454.0,
    500.0,
    500.0,
    500.0,
    500.0,
    500.0,
    500.0,
    500.0,
    500.0,
    500.0,
    500.0,
    500.0,
    474.60001,
    500.0,
    500.0,
    500.0,
    500.0,
    500.0,
    500.0,
    442.75,
    500.0,
    500.0,
    500.0,
    500.0,
    500.0,
    500.0,
    500.0,
    500.0,
    500.0,
    500.0,
    500.0,
    500.0,
    500.0,
    500.0,
    500.0,
    500.0,
    500.0,
    500.0,
    500.0,
    500.0,
    500.0,
    500.0,
    500.0,
    500.0,
    500.0,
    500.0,
    500.0,
    500.0,
    500.0,
    500.0,
    500.0,
    500.0,
    500.0,
    500.0,
    500.0,
    500.0,
    500.0,
    500.0,
    500.0,
    387.79999,
    496.5,
    500.0,
    477.79999,
    500.0,
    500.0,
    292.55554,
    243.33333,
    500.0
  ],
  "v_value": [
    -2.08359,
    1.45767,
    6.53249,
    16.03647,
    26.8072,
    33.3928,
    44.83752,
    57.80179,
    61.57921,
    64.68159,
    66.75277,
    65.99238,
    68.7546,
    66.32735,
    69.06145,
    78.05345,
    64.19584,
    71.34589,
    69.89537,
    82.39669,
    83.1006,
    74.57832,
    75.33043,
    80.77853,
    86.35971,
    85.31135,
    84.31621,
    87.44958,
    89.47274,
    88.5818,
    87.62628,
    87.6381,
    85.98882,
    86.76427,
    87.441,
    87.14792,
    87.07475,
    87.96461,
    87.54172,
    86.653,
    85.44269,
    84.71534,
    82.86501,
    82.29655,
    80.76911,
    80.80479,
    81.7413,
    81.88324,
    83.34711,
    85.1906,
    86.0054,
    86.53084,
    87.41682,
    87.03616,
    86.61256,
    84.37553,
    83.82838,
    83.26081,
    82.92314,
    83.58032,
    84.34094,
    85.48809,
    84.90361,
    84.41143,
    83.40391,
    82.17365,
    82.71244,
    82.40041,
    82.19534,
    81.37644,
    81.63878,
    80.51115,
    81.69609,
    83.22166,
    85.16535,
    84.24153,
    85.07227,
    86.43447,
    84.87264,
    83.94102,
    79.65582,
    83.79365,
    84.51722,
    86.95427,
    85.42255,
    86.00649,
    86.2951,
    84.59377,
    82.10756,
    80.57537,
    82.32385,
    82.73331,
    80.90695,
    82.32446,
    83.4054,
    83.85059,
    81.3007,
    81.61116
  ],
  "loss_p": [
    0.00259,
    0.00367,
    0.00334,
    0.00254,
    0.00203,
    0.00384,
    0.00184,
    -0.00036,
    -0.00015,
    0.00074,
    0.00102,
    -0.00035,
    6e-05,
    0.001,
    0.00104,
    0.00065,
    0.0,
    0.00124,
    0.00019,
    -0.00042,
    0.0002,
    0.00019,
    0.00078,
    0.0009,
    0.00104,
    -0.0003,
    -0.00041,
    0.0008,
    4e-05,
    -6e-05,
    0.0002,
    -0.00024,
    0.00028,
    0.00027,
    0.00035,
    0.00063,
    0.0019,
    0.00106,
    0.00078,
    0.00033,
    7e-05,
    0.00059,
    0.00023,
    0.00047,
    0.0001,
    -0.00038,
    -0.00034,
    0.00056,
    0.00114,
    -0.00019,
    0.00065,
    0.00053,
    0.00081,
    0.00212,
    0.00055,
    4e-05,
    0.00078,
    0.00032,
    8e-05,
    0.00036,
    0.00109,
    0.00055,
    -0.00065,
    1e-05,
    0.0002,
    -0.00011,
    0.00054,
    6e-05,
    -0.0007,
    7e-05,
    -0.00037,
    0.00057,
    0.00022,
    0.0003,
    0.00015,
    0.00077,
    0.00017,
    0.00042,
    0.00038,
    2e-05,
    0.00114,
    0.00077,
    0.00014,
    -6e-05,
    -0.00026,
    -0.00017,
    0.0005,
    0.00032,
    4e-05,
    0.0001,
    0.00042,
    -0.0001,
    2e-05,
    0.00024,
    0.00124,
    0.00013,
    0.00067,
    0.00148
  ],
  "loss_v": [
    35.97319,
    37.45738,
    40.16183,
    31.27879,
    19.41912,
    11.8777,
    14.83855,
    24.90779,
    51.37611,
    31.78151,
    36.29421,
    46.72029,
    48.40857,
    49.46691,
    39.56881,
    50.71481,
    41.36778,
    18.13737,
    43.59337,
    54.30243,
    49.94135,
    38.34264,
    43.41663,
    47.23256,
    58.21787,
    53.71927,
    50.12824,
    61.15267,
    67.37143,
    64.00683,
    83.25584,
    63.74878,
    58.27672,
    59.50632,
    62.07862,
    59.74677,
    63.8862,
    63.92207,
    61.78804,
    58.03251,
    67.66618,
    59.91817,
    71.92858,
    56.50158,
    53.2601,
    51.33372,
    54.57793,
    54.10319,
    53.50004,
    61.34327,
    62.21409,
    58.26018,
    61.29532,
    60.39839,
    64.29282,
    57.07202,
    57.4766,
    53.2467,
    57.79264,
    50.51012,
    57.79206,
    60.41835,
    66.54555,
    63.35829,
    57.00113,
    56.0395,
    56.78223,
    56.42065,
    50.51016,
    55.27501,
    51.33865,
    43.03562,
    53.57417,
    57.80672,
    59.93116,
    52.5297,
    56.17067,
    58.72071,
    56.32403,
    59.48768,
    47.93975,
    64.09933,
    58.05619,
    62.75918,
    57.60722,
    57.94138,
    59.34527,
    60.25538,
    54.48124,
    62.94466,
    57.05364,
    56.99969,
    66.0453,
    56.6265,
    52.66402,
    123.69507,
    146.91859,
    52.34964
  ],
  "loss_ent": [
    0.68548,
    0.65624,
    0.61379,
    0.59317,
    0.58295,
    0.57783,
    0.56596,
    0.56692,
    0.55982,
    0.55149,
    0.57287,
    0.57234,
    0.56461,
    0.5543,
    0.54894,
    0.54295,
    0.57913,
    0.55482,
    0.55871,
    0.5508,
    0.53073,
    0.55827,
    0.5532,
    0.54554,
    0.55524,
    0.53975,
    0.53697,
    0.55013,
    0.55414,
    0.56596,
    0.54743,
    0.53076,
    0.55247,
    0.55407,
    0.54222,
    0.55312,
    0.5303,
    0.53158,
    0.52748,
    0.53167,
    0.53704,
    0.54593,
    0.55101,
    0.54986,
    0.55561,
    0.5491,
    0.55346,
    0.55799,
    0.56919,
    0.57361,
    0.54775,
    0.52609,
    0.52459,
    0.53678,
    0.55973,
    0.55141,
    0.52859,
    0.51977,
    0.52364,
    0.51648,
    0.49936,
    0.49082,
    0.48257,
    0.50472,
    0.49426,
    0.5043,
    0.49197,
    0.48864,
    0.4787,
    0.4858,
    0.50284,
    0.47724,
    0.50053,
    0.50759,
    0.52743,
    0.53326,
    0.53249,
    0.5244,
    0.53791,
    0.537,
    0.53205,
    0.52193,
    0.52057,
    0.52093,
    0.53091,
    0.53154,
    0.53191,
    0.55058,
    0.56353,
    0.54343,
    0.54174,
    0.5581,
    0.562,
    0.55686,
    0.56896,
    0.56488,
    0.55245,
    0.56149
  ],