{
  "frame": [
    2048,
    4096,
    6144,
    8192,
    10240,
    12288,
    14336,
    16384,
    18432,
    20480,
    22528,
    24576,
    26624,
    28672,
    30720,
    32768,
    34816,
    36864,
    38912,
    40960,
    43008,
    45056,
    47104,
    49152,
    51200,
    53248,
    55296,
    57344,
    59392,
    61440,
    63488,
    65536,
    67584,
    69632,
    71680,
    73728,
    75776,
    77824,
    79872,
    81920,
    83968,
    86016,
    88064,
    90112,
    92160,
    94208,
    96256,
    98304,
    100352,
    102400,
    104448,
    106496,
    108544,
    110592,
    112640,
    114688,
    116736,
    118784,
    120832,
    122880,
    124928,
    126976,
    129024,
    131072,
    133120,
    135168,
    137216,
    139264,
    141312,
    143360,
    145408,
    147456,
    149504,
    151552,
    153600,
    155648,
    157696,
    159744,
    161792,
    163840,
    165888,
    167936,
    169984,
    172032,
    174080,
    176128,
    178176,
    180224,
    182272,
    184320,
    186368,
    188416,
    190464,
    192512,
    194560,
    196608,
    198656,
    200704
  ],
  "step": [
    18.56482,
    29.05882,
    42.28261,
    77.07407,
    109.5,
    173.54546,
    184.63637,
    209.60001,
    215.0,
    314.16666,
    276.83334,
    318.14285,
    379.75,
    500.0,
    500.0,
    500.0,
    500.0,
    500.0,
    500.0,
    500.0,
    500.0,
    500.0,
    500.0,
    500.0,
    500.0,
    458.5,
    439.79999,
    500.0,
    500.0,
    500.0,
    500.0,
    500.0,
    500.0,
    448.5,
    500.0,
    500.0,
    500.0,
    500.0,
    500.0,
    500.0,
    500.0,
    500.0,
    500.0,
    500.0,
    500.0,
    500.0,
    422.39999,
    500.0,
    500.0,
    500.0,
    500.0,
    500.0,
    500.0,
    500.0,
    500.0,
    500.0,
    500.0,
    500.0,
    458.75,
    500.0,
    500.0,
    500.0,
    500.0,
    500.0,
    500.0,
    500.0,
    500.0,
    500.0,
    500.0,
    500.0,
    500.0,
    500.0,
    500.0,
    500.0,
    500.0,
    500.0,
    500.0,
    500.0,
    500.0,
    500.0,
    500.0,
    442.5,
    500.0,
    500.0,
    500.0,
    500.0,
    500.0,
    500.0,
    500.0,
    500.0,
    500.0,
    415.79999,
    500.0,
    500.0,
    500.0,
    500.0,
    500.0,
    500.0
  ],
  "v_value": [
    -3.14057,
    -1.87589,
    3.54318,
    11.82171,
    19.41972,
    25.5288,
    31.73872,
    36.99593,
    39.18503,
    48.21569,
    52.15658,
    55.0952,
    61.60925,
    75.01247,
    75.03699,
    82.65218,
    76.94571,
    74.63947,
    82.82693,
    90.04329,
    88.64428,
    87.51048,
    86.14126,
    82.65929,
    84.01322,
    89.63918,
    89.28886,
    87.57491,
    85.20907,
    88.28884,
    89.06001,
    89.21017,
    88.03568,
    85.9531,
    86.38277,
    84.87907,
    83.22314,
    82.10686,
    78.34508,
    81.39606,
    83.34962,
    84.9369,
    85.15117,
    84.91502,
    84.91365,
    83.44439,
    83.39355,
    79.10133,
    81.50172,
    83.27745,
    83.52934,
    82.45161,
    83.1462,
    83.06372,
    83.32417,
    83.6962,
    85.36217,
    84.33937,
    83.47653,
    85.37425,
    85.01618,
    83.28188,
    83.36106,
    84.60091,
    85.38909,
    86.5763,
    84.49503,
    86.41197,
    87.44749,
    85.07869,
    85.78938,
    85.78793,
    84.24184,
    86.3004,
    85.74744,
    85.05773,
    83.65985,
    82.7593,
    83.19105,
    82.34859,
    82.27537,
    82.29737,
    82.64388,
    82.04277,
    85.15908,
    85.55922,
    86.02126,
    85.05884,
    85.00123,
    84.48385,
    85.51676,
    86.95293,
    86.27456,
    86.53631,
    85.97246,
    87.04391,
    86.42586,
    86.97604
  ],
  "loss_p": [
    0.00179,
    0.00364,
    0.00395,
    0.00205,
    0.00171,
    0.0012,
    0.00161,
    0.00125,
    0.00178,
    0.00184,
    0.00237,
    0.00598,
    0.00558,
    0.00117,
    0.00016,
    0.0001,
    0.00138,
    0.00251,
    0.00113,
    -0.00021,
    0.00017,
    -0.00018,
    -0.00016,
    2e-05,
    0.00073,
    -7e-05,
    0.00088,
    0.00017,
    0.00114,
    0.00066,
    0.00093,
    0.0003,
    -0.0004,
    -0.00011,
    0.00046,
    0.0002,
    0.0002,
    -3e-05,
    0.00047,
    0.00051,
    0.00078,
    1e-05,
    -0.00032,
    -0.00026,
    -0.00035,
    0.00028,
    -0.00014,
    0.00038,
    0.00093,
    0.00042,
    -0.00065,
    0.00024,
    0.00035,
    -0.0003,
    0.00016,
    0.00024,
    -0.00017,
    1e-05,
    0.00169,
    4e-05,
    -0.00081,
    0.00017,
    -0.00037,
    2e-05,
    -0.00015,
    -0.0001,
    0.00016,
    0.00058,
    -0.00013,
    4e-05,
    0.00054,
    -5e-05,
    -5e-05,
    -0.00037,
    -0.00017,
    -0.00029,
    -1e-05,
    0.00043,
    0.00079,
    0.00098,
    0.0011,
    0.00036,
    0.00021,
    0.00062,
    0.0002,
    0.00013,
    0.00022,
    0.00048,
    0.00039,
    0.00065,
    0.00019,
    0.00023,
    -2e-05,
    0.00056,
    0.00016,
    -7e-05,
    4e-05,
    2e-05
  ],
  "loss_v": [
    33.41279,
    31.97446,
    35.18816,
    35.82494,
    29.25653,
    10.18046,
    10.93169,
    10.64383,
    15.45033,
    7.36906,
    9.57874,
    4.1607,
    2.0955,
    28.7047,
    27.87996,
    29.68682,
    29.48781,
    24.52566,
    34.8581,
    62.39068,
    65.26596,
    58.99368,
    54.28001,
    55.96565,
    43.82729,
    51.55613,
    81.2598,
    63.9831,
    50.61941,
    60.19645,
    63.38493,
    65.49866,
    61.55986,
    82.34643,
    58.43011,
    58.07305,
    53.22965,
    55.04645,
    46.75292,
    53.07224,
    50.61438,
    60.90071,
    59.64346,
    53.16281,
    60.39267,
    59.00454,
    67.98792,
    55.66768,
    51.50541,
    56.65624,
    59.80222,
    57.09455,
    56.71963,
    56.96169,
    58.53565,
    53.07063,
    60.76031,
    57.57902,
    57.31898,
    60.73328,
    59.16446,
    56.56434,
    56.39027,
    57.397,
    58.50412,
    59.54898,
    58.89085,
    61.2266,
    71.37832,
    59.2754,
    59.44462,
    59.48734,
    59.20707,
    61.13796,
    59.76974,
    66.5796,
    57.75611,
    52.71716,
    58.98872,
    52.02458,
    59.98989,
    50.16741,
    55.99721,
    52.89727,
    58.29572,
    60.52996,
    59.3812,
    50.09284,
    58.95719,
    58.46711,
    57.62292,
    69.96516,
    58.39722,
    61.20562,
    60.81273,
    62.03949,
    63.03063,
    61.82935
  ],
  "loss_ent": [
    0.6899,
    0.66091,
    0.62055,
    0.59203,
    0.57717,
    0.56943,
    0.57109,
    0.57812,
    0.57057,
    0.56926,
    0.57167,
    0.55391,
    0.54629,
    0.53782,
    0.52984,
    0.52106,
    0.52359,
    0.53826,
    0.53278,
    0.55349,
    0.542,
    0.54944,
    0.54321,
    0.55422,
    0.55995,
    0.54949,
    0.52399,
    0.53449,
    0.54978,
    0.53362,
    0.53156,
    0.53365,
    0.54277,
    0.5169,
    0.51547,
    0.5108,
    0.53685,
    0.53426,
    0.54098,
    0.53884,
    0.51796,
    0.52433,
    0.54501,
    0.52397,
    0.55565,
    0.54515,
    0.54814,
    0.52602,
    0.52731,
    0.52122,
    0.53683,
    0.53491,
    0.5334,
    0.55509,
    0.53884,
    0.53694,
    0.53932,
    0.53866,
    0.52469,
    0.54121,
    0.53569,
    0.54821,
    0.5388,
    0.515,
    0.52401,
    0.51882,
    0.52399,
    0.51391,
    0.52126,
    0.52821,
    0.54205,
    0.53968,
    0.51728,
    0.52824,
    0.52686,
    0.52397,
    0.54005,
    0.55482,
    0.53781,
    0.5327,
    0.53682,
    0.50594,
    0.52891,
    0.53937,
    0.53355,
    0.54129,
    0.52822,
    0.53279,
    0.53881,
    0.53289,
    0.52211,
    0.52607,
    0.53913,
    0.54717,
    0.52903,
    0.52304,
    0.53332,
    0.54845
  ],