{
  "frame": [
    2048,
    4096,
    6144,
    8192,
    10240,
    12288,
    14336,
    16384,
    18432,
    20480,
    22528,
    24576,
    26624,
    28672,
    30720,
    32768,
    34816,
    36864,
    38912,
    40960,
    43008,
    45056,
    47104,
    49152,
    51200,
    53248,
    55296,
    57344,
    59392,
    61440,
    63488,
    65536,
    67584,
    69632,
    71680,
    73728,
    75776,
    77824,
    79872,
    81920,
    83968,
    86016,
    88064,
    90112,
    92160,
    94208,
    96256,
    98304,
    100352,
    102400,
    104448,
    106496,
    108544,
    110592,
    112640,
    114688,
    116736,
    118784,
    120832,
    122880,
    124928,
    126976,
    129024,
    131072,
    133120,
    135168,
    137216,
    139264,
    141312,
    143360,
    145408,
    147456,
    149504,
    151552,
    153600,
    155648,
    157696,
    159744,
    161792,
    163840,
    165888,
    167936,
    169984,
    172032,
    174080,
    176128,
    178176,
    180224,
    182272,
    184320,
    186368,
    188416,
    190464,
    192512,
    194560,
    196608,
    198656,
    200704
  ],
  "step": [
    22.84091,
    38.19608,
    63.03125,
    98.35,
    113.06667,
    192.41667,
    239.0,
    336.0,
    277.0,
    407.5,
    500.0,
    500.0,
    500.0,
    500.0,
    500.0,
    500.0,
    500.0,
    500.0,
    500.0,
    500.0,
    500.0,
    500.0,
    500.0,
    500.0,
    500.0,
    500.0,
    500.0,
    500.0,
    500.0,
    500.0,
    500.0,
    320.0,
    406.0,
    455.39999,
    500.0,
    500.0,
    500.0,
    500.0,
    500.0,
    500.0,
    500.0,
    500.0,
    500.0,
    500.0,
    500.0,
    500.0,
    500.0,
    500.0,
    500.0,
    500.0,
    500.0,
    500.0,
    500.0,
    500.0,
    500.0,
    500.0,
    500.0,
    500.0,
    443.0,
    500.0,
    500.0,
    500.0,
    500.0,
    500.0,
    500.0,
    500.0,
    500.0,
    500.0,
    500.0,
    500.0,
    500.0,
    500.0,
    500.0,
    500.0,
    500.0,
    500.0,
    500.0,
    500.0,
    500.0,
    500.0,
    500.0,
    500.0,
    500.0,
    500.0,
    500.0,
    500.0,
    500.0,
    500.0,
    500.0,
    500.0,
    500.0,
    500.0,
    500.0,
    500.0,
    500.0,
    500.0,
    500.0,
    500.0
  ],
  "v_value": [
    -1.58532,
    1.91546,
    9.98172,
    17.40659,
    23.4357,
    27.04629,
    38.81009,
    46.01345,
    44.66361,
    59.0886,
    72.16136,
    72.70012,
    72.7383,
    79.86313,
    77.4216,
    81.2683,
    86.16598,
    88.29443,
    85.66598,
    86.50521,
    85.49274,
    84.4608,
    85.21516,
    87.42897,
    86.39257,
    85.4202,
    85.4792,
    86.81088,
    84.09489,
    85.59575,
    83.89071,
    73.49067,
    77.96593,
    77.03835,
    80.92595,
    92.03978,
    91.86122,
    89.25256,
    87.88972,
    87.43889,
    85.52017,
    86.16888,
    87.62428,
    88.73868,
    87.04164,
    87.95993,
    87.119,
    86.63068,
    85.13995,
    82.97756,
    80.45802,
    82.14531,
    80.65253,
    80.60534,
    79.30455,
    81.97932,
    79.68204,
    79.96271,
    81.80113,
    84.47304,
    84.46275,
    83.31252,
    83.44868,
    84.42999,
    86.66649,
    87.00288,
    86.01,
    85.18952,
    82.56937,
    82.65781,
    81.51181,
    78.56056,
    80.13455,
    82.72076,
    82.926,
    83.24622,
    86.39882,
    84.61937,
    84.90292,
    85.12198,
    83.92415,
    83.88023,
    82.44382,
    83.18493,
    83.10554,
    84.35361,
    83.51965,
    83.47028,
    84.13765,
    86.14323,
    87.87782,
    89.47263,
    91.33316,
    89.8634,
    89.34892,
    89.09869,
    88.68477,
    90.17856
  ],
  "loss_p": [
    0.00268,
    0.00304,
    0.00263,
    0.00228,
    0.00222,
    0.00145,
    0.00232,
    0.00082,
    0.00449,
    0.00221,
    0.0001,
    0.00019,
    -9e-05,
    0.00032,
    -9e-05,
    0.0002,
    0.00092,
    4e-05,
    0.00053,
    0.00163,
    0.00045,
    -0.00038,
    0.00019,
    -0.00027,
    0.00034,
    0.00057,
    0.00032,
    3e-05,
    -0.0001,
    0.0004,
    0.00025,
    0.0007,
    0.00067,
    0.00029,
    0.00242,
    0.0003,
    0.00016,
    -0.00011,
    0.00016,
    0.00017,
    -0.00037,
    0.00051,
    0.0002,
    -0.00057,
    -0.00057,
    -0.00034,
    -0.0001,
    -0.00046,
    -0.0004,
    0.00035,
    0.00068,
    0.00013,
    4e-05,
    -0.00012,
    0.00014,
    0.00017,
    -0.00032,
    -0.00058,
    -0.00011,
    0.00019,
    -0.00034,
    -0.00048,
    0.00019,
    4e-05,
    0.00015,
    0.00026,
    0.00036,
    -0.00115,
    -0.00058,
    -0.00026,
    -0.00056,
    -0.00038,
    -0.00013,
    0.00091,
    0.00082,
    0.0007,
    0.00037,
    0.00162,
    0.00126,
    0.00081,
    -0.00263,
    2e-05,
    -0.00021,
    -0.00026,
    0.00032,
    -0.00023,
    -0.00087,
    -0.0003,
    0.00072,
    0.00068,
    0.00052,
    -7e-05,
    0.0,
    -0.0001,
    0.0,
    -4e-05,
    0.00043,
    0.0008
  ],
  "loss_v": [
    43.56351,
    40.27412,
    36.66505,
    33.42945,
    35.57642,
    22.98075,
    8.65824,
    13.02804,
    4.94709,
    10.9033,
    38.60442,
    38.92434,
    35.88097,
    46.05779,
    50.76276,
    45.65567,
    41.19569,
    63.52119,
    60.3134,
    64.49162,
    58.27861,
    55.82769,
    56.64521,
    61.82346,
    60.69926,
    57.91463,
    60.84725,
    61.7817,
    58.86811,
    58.67713,
    66.75896,
    50.36839,
    34.86449,
    46.11799,
    39.37338,
    67.55645,
    69.5331,
    65.07549,
    58.87928,
    63.8277,
    58.98219,
    58.60731,
    64.06702,
    63.22178,
    67.75886,
    64.27098,
    63.88841,
    61.96043,
    48.89796,
    55.55963,
    50.97735,
    55.77523,
    50.15002,
    55.44844,
    46.32743,
    55.63346,
    53.12061,
    51.11861,
    52.77653,
    58.12735,
    56.06991,
    58.78185,
    55.59475,
    57.29747,
    56.49586,
    72.60939,
    59.2374,
    62.345,
    53.41263,
    54.89314,
    56.1943,
    46.66767,
    51.26275,
    50.12175,
    56.32362,
    58.09307,
    69.90987,
    50.02858,
    60.57896,
    59.8707,
    57.14639,
    57.86103,
    55.65459,
    58.28637,
    57.15839,
    59.30972,
    57.04057,
    53.05991,
    56.76791,
    60.50105,
    62.77849,
    58.79339,
    70.79192,
    66.33318,
    62.26592,
    64.62879,
    59.94605,
    67.72903
  ],
  "loss_ent": [
    0.67784,
    0.64585,
    0.61767,
    0.59681,
    0.56813,
    0.57189,
    0.54642,
    0.53804,
    0.54569,
    0.52372,
    0.51793,
    0.52325,
    0.50697,
    0.50124,
    0.51851,
    0.50111,
    0.53139,
    0.53439,
    0.51998,
    0.49971,
    0.51676,
    0.5104,
    0.51821,
    0.51373,
    0.50525,
    0.49562,
    0.50275,
    0.50174,
    0.52287,
    0.52995,
    0.56038,
    0.53519,
    0.53101,
    0.52674,
    0.53342,
    0.51269,
    0.49572,
    0.52674,
    0.5416,
    0.53201,
    0.53875,
    0.52962,
    0.52319,
    0.50527,
    0.51692,
    0.52004,
    0.53013,
    0.52686,
    0.51538,
    0.52675,
    0.50963,
    0.51479,
    0.49264,
    0.50132,
    0.52039,
    0.51004,
    0.52182,
    0.52162,
    0.51704,
    0.51969,
    0.50482,
    0.51823,
    0.50828,
    0.49786,
    0.4886,
    0.50726,
    0.51251,
    0.50712,
    0.4883,
    0.51205,
    0.52244,
    0.50321,
    0.50156,
    0.51725,
    0.51471,
    0.49406,
    0.50291,
    0.49777,
    0.49214,
    0.49786,
    0.48214,
    0.49168,
    0.48873,
    0.50964,
    0.48749,
    0.50106,
    0.50611,
    0.50994,
    0.50467,
    0.50308,
    0.50938,
    0.49151,
    0.50484,
    0.49015,
    0.47666,
    0.47388,
    0.47554,
    0.50432
  ],