{
  "frame": [
    2048,
    4096,
    6144,
    8192,
    10240,
    12288,
    14336,
    16384,
    18432,
    20480,
    22528,
    24576,
    26624,
    28672,
    30720,
    32768,
    34816,
    36864,
    38912,
    40960,
    43008,
    45056,
    47104,
    49152,
    51200,
    53248,
    55296,
    57344,
    59392,
    61440,
    63488,
    65536,
    67584,
    69632,
    71680,
    73728,
    75776,
    77824,
    79872,
    81920,
    83968,
    86016,
    88064,
    90112,
    92160,
    94208,
    96256,
    98304,
    100352,
    102400,
    104448,
    106496,
    108544,
    110592,
    112640,
    114688,
    116736,
    118784,
    120832,
    122880,
    124928,
    126976,
    129024,
    131072,
    133120,
    135168,
    137216,
    139264,
    141312,
    143360,
    145408,
    147456,
    149504,
    151552,
    153600,
    155648,
    157696,
    159744,
    161792,
    163840,
    165888,
    167936,
    169984,
    172032,
    174080,
    176128,
    178176,
    180224,
    182272,
    184320,
    186368,
    188416,
    190464,
    192512,
    194560,
    196608,
    198656,
    200704
  ],
  "step": [
    22.30337,
    31.43939,
    57.06061,
    98.14286,
    174.0,
    244.25,
    250.14285,
    379.0,
    377.79999,
    494.5,
    500.0,
    423.79999,
    500.0,
    500.0,
    500.0,
    500.0,
    500.0,
    500.0,
    500.0,
    500.0,
    500.0,
    500.0,
    500.0,
    500.0,
    500.0,
    491.83334,
    442.0,
    500.0,
    500.0,
    500.0,
    500.0,
    500.0,
    500.0,
    500.0,
    500.0,
    500.0,
    500.0,
    500.0,
    500.0,
    500.0,
    500.0,
    500.0,
    500.0,
    500.0,
    500.0,
    500.0,
    500.0,
    478.25,
    500.0,
    500.0,
    500.0,
    500.0,
    500.0,
    500.0,
    500.0,
    409.60001,
    500.0,
    500.0,
    500.0,
    437.20001,
    247.8,
    283.28571,
    432.60001,
    500.0,
    500.0,
    500.0,
    500.0,
    500.0,
    500.0,
    500.0,
    500.0,
    500.0,
    500.0,
    500.0,
    500.0,
    500.0,
    500.0,
    500.0,
    500.0,
    500.0,
    500.0,
    500.0,
    500.0,
    500.0,
    500.0,
    500.0,
    500.0,
    500.0,
    500.0,
    500.0,
    500.0,
    500.0,
    500.0,
    493.0,
    500.0,
    500.0,
    500.0,
    500.0
  ],
  "v_value": [
    -2.1009,
    -0.41271,
    7.03645,
    14.58224,
    23.61014,
    32.31978,
    43.07285,
    47.7383,
    56.06164,
    63.98063,
    68.1141,
    71.90084,
    77.25156,
    78.3318,
    80.74149,
    81.81639,
    76.99892,
    79.6382,
    85.02641,
    86.25343,
    88.93233,
    89.34571,
    88.90074,
    88.51445,
    85.58833,
    85.47965,
    87.66716,
    90.19121,
    81.1499,
    80.06813,
    90.11729,
    83.8229,
    87.24736,
    86.93102,
    84.30894,
    83.84016,
    82.03271,
    81.45064,
    83.39044,
    84.97311,
    84.74157,
    82.33122,
    84.84117,
    84.73024,
    83.55924,
    84.08394,
    86.87335,
    86.14513,
    86.82482,
    87.0616,
    86.47037,
    82.45116,
    82.25107,
    83.25719,
    83.92831,
    86.34334,
    85.9886,
    86.39287,
    86.97375,
    85.87397,
    78.93064,
    80.80962,
    82.37948,
    83.26889,
    85.22242,
    86.89253,
    87.145,
    86.44188,
    86.29961,
    88.73149,
    86.57732,
    88.31047,
    91.10488,
    89.32854,
    88.3073,
    88.03884,
    87.54975,
    85.15022,
    85.13052,
    85.34531,
    87.8112,
    88.6488,
    88.74557,
    87.36461,
    86.14349,
    83.08707,
    83.6266,
    79.07141,
    80.63509,
    81.22771,
    81.80988,
    80.22805,
    80.06485,
    80.34104,
    80.67311,
    79.35143,
    85.53918,
    89.52458
  ],
  "loss_p": [
    0.00218,
    0.00463,
    0.00293,
    0.00184,
    0.00107,
    0.00031,
    0.00155,
    0.00051,
    0.0007,
    0.00056,
    0.00211,
    0.0005,
    -9e-05,
    6e-05,
    -0.00018,
    -0.00014,
    0.003,
    0.00029,
    -0.00055,
    0.0007,
    0.00036,
    0.00041,
    -0.0,
    -0.00018,
    0.00052,
    -2e-05,
    0.00077,
    0.00061,
    0.00103,
    0.0003,
    -0.00014,
    0.00223,
    0.00163,
    -0.0003,
    0.00179,
    0.00165,
    -0.00039,
    0.00041,
    -0.00017,
    -0.00019,
    8e-05,
    2e-05,
    -0.00012,
    -0.00041,
    2e-05,
    0.00048,
    -0.00071,
    -8e-05,
    0.00054,
    -0.00028,
    0.00022,
    0.00011,
    0.00019,
    -0.0005,
    0.00083,
    -6e-05,
    0.0006,
    0.00156,
    0.00025,
    0.00074,
    0.00054,
    0.00088,
    0.00057,
    -0.00015,
    0.00061,
    0.00019,
    -0.0002,
    0.00032,
    -0.00026,
    -2e-05,
    0.00095,
    0.00133,
    0.00031,
    -0.00026,
    0.0001,
    0.00052,
    6e-05,
    -4e-05,
    0.00015,
    0.00042,
    -0.00019,
    -0.00022,
    -0.0005,
    -0.00089,
    -0.00027,
    0.00042,
    -0.00096,
    -0.00016,
    -0.00069,
    -3e-05,
    0.00038,
    1e-05,
    -0.00042,
    -0.00016,
    -0.00015,
    0.00037,
    0.00147,
    0.00078
  ],
  "loss_v": [
    37.00889,
    30.95934,
    39.74198,
    36.42796,
    22.15362,
    6.93339,
    17.7898,
    17.44648,
    31.74757,
    27.9725,
    28.94023,
    44.22078,
    49.60138,
    45.30251,
    54.15329,
    54.3788,
    39.15286,
    26.98285,
    54.9662,
    55.7878,
    59.56478,
    72.60596,
    64.41852,
    59.00792,
    55.03682,
    68.77432,
    58.28254,
    61.67532,
    48.52266,
    54.31303,
    67.17424,
    53.38147,
    63.93884,
    62.34953,
    56.03941,
    57.91171,
    49.63221,
    54.74918,
    59.38762,
    57.35404,
    55.26107,
    53.50445,
    59.24667,
    58.82826,
    58.6814,
    54.12901,
    62.84125,
    53.83953,
    62.35732,
    61.85542,
    60.49194,
    57.05099,
    51.38531,
    57.55147,
    57.28944,
    78.46761,
    62.70153,
    62.84482,
    62.97195,
    75.52349,
    136.08456,
    80.20795,
    70.93886,
    56.62138,
    59.62974,
    63.1863,
    62.85029,
    58.43224,
    59.84599,
    62.46897,
    61.52571,
    59.90812,
    72.8642,
    65.14133,
    64.68481,
    63.92617,
    62.26142,
    60.42525,
    58.49022,
    56.42746,
    58.62403,
    64.02831,
    62.32593,
    78.26677,
    61.17708,
    53.56966,
    54.21374,
    49.06254,
    52.33856,
    51.71481,
    54.79363,
    50.02308,
    47.36369,
    51.13155,
    46.34081,
    46.65908,
    56.7394,
    65.9727
  ],
  "loss_ent": [
    0.68563,
    0.65319,
    0.61528,
    0.58766,
    0.57097,
    0.59176,
    0.56104,
    0.5662,
    0.54785,
    0.52781,
    0.52307,
    0.51725,
    0.52832,
    0.52843,
    0.53974,
    0.54379,
    0.5532,
    0.54875,
    0.54043,
    0.53729,
    0.53292,
    0.55692,
    0.5506,
    0.55498,
    0.54693,
    0.56826,
    0.52652,
    0.53371,
    0.54239,
    0.53526,
    0.53866,
    0.54267,
    0.52674,
    0.53451,
    0.50775,
    0.52348,
    0.52557,
    0.50638,
    0.55638,
    0.52361,
    0.52967,
    0.52058,
    0.54586,
    0.53729,
    0.55143,
    0.52895,
    0.54546,
    0.51736,
    0.53127,
    0.50976,
    0.51664,
    0.53516,
    0.52396,
    0.53522,
    0.52565,
    0.52446,
    0.52827,
    0.54276,
    0.54359,
    0.55445,
    0.51635,
    0.53145,
    0.51536,
    0.54861,
    0.5099,
    0.52074,
    0.51009,
    0.5112,
    0.50726,
    0.51826,
    0.50205,
    0.50347,
    0.49354,
    0.51462,
    0.482,
    0.47473,
    0.47639,
    0.48734,
    0.47406,
    0.45495,
    0.46315,
    0.46017,
    0.46864,
    0.4612,
    0.47888,
    0.49735,
    0.47893,
    0.49723,
    0.49116,
    0.49798,
    0.51852,
    0.51529,
    0.5226,
    0.51328,
    0.52774,
    0.50687,
    0.50949,
    0.51485
  ],