{
  "frame": [
    2048,
    4096,
    6144,
    8192,
    10240,
    12288,
    14336,
    16384,
    18432,
    20480,
    22528,
    24576,
    26624,
    28672,
    30720,
    32768,
    34816,
    36864,
    38912,
    40960,
    43008,
    45056,
    47104,
    49152,
    51200,
    53248,
    55296,
    57344,
    59392,
    61440,
    63488,
    65536,
    67584,
    69632,
    71680,
    73728,
    75776,
    77824,
    79872,
    81920,
    83968,
    86016,
    88064,
    90112,
    92160,
    94208,
    96256,
    98304,
    100352,
    102400,
    104448,
    106496,
    108544,
    110592,
    112640,
    114688,
    116736,
    118784,
    120832,
    122880,
    124928,
    126976,
    129024,
    131072,
    133120,
    135168,
    137216,
    139264,
    141312,
    143360,
    145408,
    147456,
    149504,
    151552,
    153600,
    155648,
    157696,
    159744,
    161792,
    163840,
    165888,
    167936,
    169984,
    172032,
    174080,
    176128,
    178176,
    180224,
    182272,
    184320,
    186368,
    188416,
    190464,
    192512,
    194560,
    196608,
    198656,
    200704
  ],
  "step": [
    22.76744,
    30.22059,
    58.60606,
    92.04546,
    171.45454,
    217.0,
    351.33334,
    368.0,
    475.75,
    500.0,
    500.0,
    500.0,
    500.0,
    500.0,
    500.0,
    500.0,
    500.0,
    500.0,
    500.0,
    500.0,
    500.0,
    500.0,
    500.0,
    500.0,
    500.0,
    500.0,
    500.0,
    500.0,
    500.0,
    500.0,
    500.0,
    500.0,
    500.0,
    500.0,
    500.0,
    500.0,
    500.0,
    500.0,
    500.0,
    500.0,
    500.0,
    500.0,
    500.0,
    500.0,
    500.0,
    500.0,
    442.5,
    500.0,
    500.0,
    500.0,
    500.0,
    500.0,
    500.0,
    500.0,
    500.0,
    500.0,
    500.0,
    500.0,
    500.0,
    500.0,
    500.0,
    500.0,
    428.5,
    426.20001,
    500.0,
    500.0,
    385.5,
    312.5,
    463.5,
    482.0,
    464.25,
    500.0,
    500.0,
    500.0,
    500.0,
    500.0,
    500.0,
    500.0,
    500.0,
    496.79999,
    500.0,
    500.0,
    500.0,
    500.0,
    500.0,
    500.0,
    500.0,
    500.0,
    500.0,
    500.0,
    500.0,
    500.0,
    500.0,
    500.0,
    500.0,
    500.0,
    500.0,
    500.0
  ],
  "v_value": [
    -1.31037,
    -0.09302,
    7.49924,
    16.21383,
    23.83322,
    30.6705,
    39.18478,
    49.30875,
    56.61208,
    63.40586,
    67.36287,
    71.1602,
    71.27169,
    77.19158,
    80.19601,
    78.53981,
    79.49376,
    82.85681,
    80.536,
    72.06922,
    77.39424,
    82.19261,
    79.35195,
    83.26395,
    82.4337,
    81.33833,
    86.5565,
    89.26428,
    91.29256,
    89.28535,
    87.12355,
    82.25735,
    85.61065,
    85.0301,
    84.61555,
    86.03606,
    84.96033,
    84.09074,
    84.5616,
    81.95375,
    87.12157,
    83.95889,
    77.05376,
    83.68996,
    85.20898,
    85.27626,
    87.72173,
    86.64644,
    87.31453,
    85.73353,
    85.91966,
    84.82996,
    83.46703,
    83.34685,
    84.54233,
    85.01355,
    84.27333,
    83.99132,
    84.72562,
    85.40865,
    84.83153,
    84.25164,
    82.50069,
    81.21455,
    81.02518,
    80.90321,
    77.87133,
    74.89826,
    76.61633,
    77.82911,
    78.87813,
    81.6034,
    82.14878,
    81.69801,
    80.37267,
    82.05025,
    81.70115,
    82.64703,
    84.92018,
    87.84179,
    87.84376,
    85.46117,
    78.7794,
    71.80595,
    80.98892,
    86.82001,
    86.42532,
    84.31736,
    84.35705,
    86.05538,
    86.30627,
    83.90466,
    85.01543,
    85.69975,
    87.91862,
    89.57612,
    89.16028,
    87.84325
  ],
  "loss_p": [
    0.00171,
    0.00339,
    0.00307,
    0.00246,
    0.002,
    0.00169,
    0.00224,
    0.0015,
    0.001,
    0.00085,
    0.00072,
    0.00121,
    0.0001,
    0.00049,
    0.00016,
    0.00032,
    0.00035,
    0.00037,
    5e-05,
    -2e-05,
    0.00124,
    0.00108,
    0.00106,
    3e-05,
    0.00021,
    0.00098,
    0.00046,
    -0.00017,
    0.00025,
    -0.00023,
    -0.00024,
    0.00121,
    0.00016,
    -0.00072,
    -0.00022,
    -5e-05,
    0.00057,
    0.0,
    0.00073,
    0.00119,
    0.00083,
    0.00031,
    0.00083,
    -0.00019,
    0.00108,
    -0.00023,
    0.00076,
    0.00107,
    -0.00015,
    -0.00045,
    -0.00011,
    0.00047,
    6e-05,
    -0.00035,
    0.00101,
    -0.00024,
    -0.00013,
    -0.00033,
    -9e-05,
    -0.00015,
    0.00094,
    0.00027,
    0.00031,
    0.00022,
    -0.00014,
    0.00052,
    0.00027,
    0.00025,
    0.00113,
    0.00033,
    -0.0001,
    0.00083,
    -7e-05,
    0.00072,
    -0.00032,
    -0.00049,
    0.00027,
    0.00072,
    0.00156,
    0.00018,
    -0.00034,
    0.00016,
    -3e-05,
    0.0014,
    0.00038,
    -9e-05,
    -0.00028,
    0.00013,
    -0.00012,
    0.00022,
    9e-05,
    6e-05,
    -0.0003,
    0.0011,
    -0.00017,
    0.00036,
    0.00028,
    0.00074
  ],
  "loss_v": [
    41.68626,
    35.56344,
    38.53483,
    36.75411,
    25.60929,
    19.31005,
    11.48634,
    10.8929,
    20.79914,
    25.6469,
    21.29061,
    40.3594,
    34.11367,
    43.16201,
    49.64022,
    59.36872,
    45.92529,
    55.77822,
    56.54376,
    28.00908,
    42.22321,
    41.47846,
    46.57114,
    34.33025,
    49.45013,
    40.15182,
    47.33647,
    51.13986,
    54.32976,
    63.89259,
    72.00389,
    51.93379,
    61.61469,
    59.53488,
    54.42172,
    59.85376,
    57.14993,
    55.02221,
    57.79412,
    50.77793,
    63.18393,
    52.11825,
    44.59963,
    56.32462,
    58.56852,
    55.90427,
    57.47367,
    62.69315,
    62.28642,
    59.15954,
    72.95015,
    58.50895,
    57.39521,
    56.29615,
    58.68288,
    59.52436,
    58.90237,
    58.92625,
    54.83334,
    55.3329,
    65.36367,
    59.24722,
    59.9488,
    72.47768,
    53.29974,
    64.46368,
    51.62891,
    81.5909,
    44.97483,
    56.3163,
    42.1163,
    60.03511,
    51.89996,
    50.86003,
    52.38249,
    54.7063,
    52.66931,
    54.00792,
    57.55304,
    69.79443,
    62.67667,
    61.24907,
    40.96621,
    21.67475,
    52.45583,
    62.11678,
    60.9814,
    58.93218,
    57.92002,
    60.01488,
    56.8791,
    56.73386,
    58.30648,
    61.02184,
    60.5736,
    65.98677,
    66.33138,
    63.9406
  ],
  "loss_ent": [
    0.68552,
    0.65441,
    0.61198,
    0.58364,
    0.55849,
    0.54627,
    0.53976,
    0.5257,
    0.51772,
    0.51385,
    0.52361,
    0.51087,
    0.51762,
    0.50122,
    0.50171,
    0.5249,
    0.52183,
    0.5063,
    0.5365,
    0.52762,
    0.51489,
    0.53472,
    0.54659,
    0.54401,
    0.53509,
    0.53912,
    0.54409,
    0.52813,
    0.52229,
    0.54042,
    0.53367,
    0.5353,
    0.52773,
    0.52152,
    0.56218,
    0.54903,
    0.55666,
    0.53884,
    0.53977,
    0.53717,
    0.53268,
    0.54447,
    0.5337,
    0.55367,
    0.53012,
    0.55724,
    0.53789,
    0.52517,
    0.52752,
    0.50993,
    0.53739,
    0.53051,
    0.51342,
    0.51892,
    0.51848,
    0.54407,
    0.5405,
    0.51365,
    0.53485,
    0.52615,
    0.52138,
    0.52301,
    0.51073,
    0.5221,
    0.52829,
    0.55819,
    0.54161,
    0.52088,
    0.51806,
    0.52511,
    0.54242,
    0.52515,
    0.52405,
    0.51376,
    0.53162,
    0.53305,
    0.53383,
    0.54177,
    0.52382,
    0.53372,
    0.52857,
    0.51926,
    0.49946,
    0.53366,
    0.5365,
    0.51061,
    0.53288,
    0.53858,
    0.51542,
    0.50038,
    0.53237,
    0.50687,
    0.5208,
    0.511,
    0.52517,
    0.5236,
    0.50822,
    0.50068
  ],