{
  "frame": [
    2048,
    4096,
    6144,
    8192,
    10240,
    12288,
    14336,
    16384,
    18432,
    20480,
    22528,
    24576,
    26624,
    28672,
    30720,
    32768,
    34816,
    36864,
    38912,
    40960,
    43008,
    45056,
    47104,
    49152,
    51200,
    53248,
    55296,
    57344,
    59392,
    61440,
    63488,
    65536,
    67584,
    69632,
    71680,
    73728,
    75776,
    77824,
    79872,
    81920,
    83968,
    86016,
    88064,
    90112,
    92160,
    94208,
    96256,
    98304,
    100352,
    102400,
    104448,
    106496,
    108544,
    110592,
    112640,
    114688,
    116736,
    118784,
    120832,
    122880,
    124928,
    126976,
    129024,
    131072,
    133120,
    135168,
    137216,
    139264,
    141312,
    143360,
    145408,
    147456,
    149504,
    151552,
    153600,
    155648,
    157696,
    159744,
    161792,
    163840,
    165888,
    167936,
    169984,
    172032,
    174080,
    176128,
    178176,
    180224,
    182272,
    184320,
    186368,
    188416,
    190464,
    192512,
    194560,
    196608,
    198656,
    200704
  ],
  "step": [
    19.62136,
    27.88406,
    55.68421,
    115.53333,
    178.16667,
    246.28572,
    433.79999,
    371.39999,
    451.75,
    461.5,
    422.83334,
    457.60001,
    477.75,
    500.0,
    500.0,
    500.0,
    500.0,
    500.0,
    500.0,
    458.0,
    500.0,
    500.0,
    500.0,
    500.0,
    442.75,
    500.0,
    500.0,
    500.0,
    500.0,
    500.0,
    500.0,
    500.0,
    500.0,
    500.0,
    500.0,
    500.0,
    500.0,
    500.0,
    500.0,
    500.0,
    500.0,
    500.0,
    500.0,
    500.0,
    500.0,
    500.0,
    500.0,
    500.0,
    500.0,
    500.0,
    500.0,
    500.0,
    392.60001,
    500.0,
    500.0,
    500.0,
    500.0,
    465.5,
    500.0,
    500.0,
    410.20001,
    500.0,
    500.0,
    500.0,
    500.0,
    500.0,
    500.0,
    500.0,
    500.0,
    500.0,
    500.0,
    500.0,
    500.0,
    500.0,
    500.0,
    500.0,
    500.0,
    500.0,
    500.0,
    493.0,
    500.0,
    500.0,
    500.0,
    500.0,
    500.0,
    379.60001,
    500.0,
    500.0,
    500.0,
    417.60001,
    477.60001,
    500.0,
    500.0,
    500.0,
    480.0,
    500.0,
    500.0,
    500.0
  ],
  "v_value": [
    -3.0969,
    -1.65718,
    5.99911,
    16.22741,
    21.90103,
    33.68485,
    45.0416,
    51.25647,
    58.26469,
    62.22324,
    59.41473,
    70.17436,
    73.481,
    75.82285,
    76.90398,
    77.17799,
    76.17229,
    75.48535,
    74.97717,
    79.58324,
    82.62187,
    84.7362,
    82.74876,
    82.03146,
    81.31603,
    80.45447,
    83.08249,
    83.48062,
    80.71858,
    80.92976,
    77.80465,
    85.48409,
    88.15949,
    87.43659,
    86.59619,
    84.80851,
    84.75353,
    84.32941,
    84.62128,
    82.76477,
    84.04219,
    85.3974,
    84.81322,
    83.91615,
    84.10009,
    88.33958,
    86.74209,
    85.32105,
    83.54971,
    80.44705,
    79.88741,
    79.9118,
    82.18562,
    87.50949,
    87.67271,
    86.43051,
    86.3296,
    87.50747,
    88.29065,
    85.55434,
    86.03667,
    86.2703,
    85.26931,
    85.23993,
    84.38131,
    85.04746,
    83.82652,
    85.54559,
    85.40076,
    85.09816,
    84.24077,
    83.98244,
    82.96629,
    83.96342,
    85.74844,
    86.69482,
    86.29067,
    84.61009,
    83.83771,
    82.28815,
    84.14867,
    83.42644,
    84.29475,
    84.24683,
    84.32335,
    82.83375,
    83.72839,
    84.43777,
    84.08708,
    83.1678,
    81.03406,
    80.59512,
    81.38539,
    81.47649,
    82.14101,
    81.84119,
    82.42316,
    82.62784
  ],
  "loss_p": [
    0.00239,
    0.00368,
    0.00306,
    0.00206,
    0.00205,
    0.00111,
    0.00147,
    0.00032,
    0.00013,
    0.00066,
    0.00047,
    0.00113,
    0.00076,
    3e-05,
    -0.00018,
    9e-05,
    9e-05,
    0.00025,
    0.00109,
    0.00051,
    0.00094,
    0.00012,
    0.00039,
    8e-05,
    -4e-05,
    0.00019,
    0.00014,
    -0.0002,
    0.00059,
    0.0002,
    0.00079,
    0.00056,
    0.00039,
    -0.0001,
    -0.00065,
    0.00137,
    0.00019,
    0.00091,
    -0.00019,
    0.00013,
    0.00018,
    0.0004,
    -7e-05,
    3e-05,
    0.001,
    -0.00016,
    0.00075,
    0.00083,
    0.00051,
    5e-05,
    -0.0001,
    0.0005,
    0.00054,
    0.00042,
    0.00015,
    0.00021,
    0.00036,
    -0.00019,
    -0.00013,
    0.00145,
    0.00118,
    0.00082,
    5e-05,
    -0.00012,
    0.00018,
    -0.00035,
    -2e-05,
    2e-05,
    -0.00021,
    -0.0001,
    -0.00028,
    -3e-05,
    0.00033,
    0.00038,
    0.00111,
    0.00023,
    0.00012,
    0.00017,
    -8e-05,
    0.00055,
    0.0004,
    0.00078,
    7e-05,
    4e-05,
    -0.00018,
    -5e-05,
    0.00074,
    -5e-05,
    -0.00019,
    -2e-05,
    0.00012,
    0.00027,
    -0.00035,
    0.0,
    -0.00073,
    -0.00016,
    -0.00014,
    1e-05
  ],
  "loss_v": [
    33.72395,
    31.42738,
    38.43545,
    28.5523,
    24.71581,
    13.95619,
    16.76752,
    30.05956,
    30.20415,
    37.06127,
    31.65212,
    32.86866,
    38.70219,
    47.80167,
    49.20018,
    47.56622,
    47.1486,
    45.34544,
    45.0852,
    54.78455,
    55.32769,
    58.9689,
    66.52422,
    55.52938,
    57.18235,
    47.73823,
    57.0793,
    56.69677,
    48.51851,
    43.45926,
    48.45306,
    43.19942,
    62.60936,
    73.63541,
    61.99638,
    59.65189,
    59.77111,
    55.83984,
    61.2217,
    54.50795,
    57.72617,
    60.50802,
    51.51933,
    53.38892,
    66.85484,
    64.65349,
    58.79387,
    56.58716,
    51.74611,
    47.96778,
    35.82703,
    47.13721,
    60.49469,
    63.46471,
    64.59207,
    62.09087,
    60.30883,
    68.72593,
    62.47161,
    59.58552,
    71.91118,
    58.4589,
    71.14833,
    57.52742,
    58.94991,
    56.63004,
    57.29615,
    61.20974,
    59.27789,
    59.28313,
    70.22697,
    58.32458,
    51.30604,
    58.18128,
    59.30415,
    70.03728,
    61.00236,
    58.62173,
    56.76938,
    53.69756,
    57.74587,
    55.78266,
    56.62701,
    59.82512,
    58.89548,
    76.10094,
    63.78478,
    59.61561,
    54.34729,
    73.18285,
    73.70713,
    53.61605,
    55.29884,
    55.29688,
    54.3827,
    53.37163,
    56.86238,
    54.64106
  ],
  "loss_ent": [
    0.68688,
    0.64865,
    0.61834,
    0.60257,
    0.58276,
    0.55657,
    0.5659,
    0.56117,
    0.55362,
    0.55402,
    0.57558,
    0.55814,
    0.55194,
    0.55501,
    0.54971,
    0.56245,
    0.55634,
    0.56425,
    0.55498,
    0.5642,
    0.55396,
    0.57367,
    0.55933,
    0.5393,
    0.53436,
    0.53192,
    0.53403,
    0.54401,
    0.52656,
    0.53445,
    0.53098,
    0.52328,
    0.51553,
    0.50605,
    0.5216,
    0.5092,
    0.52668,
    0.5156,
    0.54103,
    0.49625,
    0.5239,
    0.51822,
    0.52444,
    0.54535,
    0.54428,
    0.53911,
    0.51641,
    0.52114,
    0.5181,
    0.52665,
    0.52225,
    0.54454,
    0.54244,
    0.53301,
    0.51643,
    0.52506,
    0.52444,
    0.50828,
    0.49035,
    0.5333,
    0.5402,
    0.54883,
    0.50597,
    0.51154,
    0.49318,
    0.50411,
    0.51404,
    0.53012,
    0.5015,
    0.50894,
    0.49919,
    0.50182,
    0.50999,
    0.5131,
    0.50736,
    0.5249,
    0.53604,
    0.53302,
    0.55179,
    0.53406,
    0.55842,
    0.55555,
    0.56309,
    0.56694,
    0.56612,
    0.5455,
    0.55332,
    0.54755,
    0.5657,
    0.56536,
    0.52908,
    0.54163,
    0.55088,
    0.5623,
    0.54633,
    0.55441,
    0.56225,
    0.55519
  ],