{
  "frame": [
    2048,
    4096,
    6144,
    8192,
    10240,
    12288,
    14336,
    16384,
    18432,
    20480,
    22528,
    24576,
    26624,
    28672,
    30720,
    32768,
    34816,
    36864,
    38912,
    40960,
    43008,
    45056,
    47104,
    49152,
    51200,
    53248,
    55296,
    57344,
    59392,
    61440,
    63488,
    65536,
    67584,
    69632,
    71680,
    73728,
    75776,
    77824,
    79872,
    81920,
    83968,
    86016,
    88064,
    90112,
    92160,
    94208,
    96256,
    98304,
    100352,
    102400,
    104448,
    106496,
    108544,
    110592,
    112640,
    114688,
    116736,
    118784,
    120832,
    122880,
    124928,
    126976,
    129024,
    131072,
    133120,
    135168,
    137216,
    139264,
    141312,
    143360,
    145408,
    147456,
    149504,
    151552,
    153600,
    155648,
    157696,
    159744,
    161792,
    163840,
    165888,
    167936,
    169984,
    172032,
    174080,
    176128,
    178176,
    180224,
    182272,
    184320,
    186368,
    188416,
    190464,
    192512,
    194560,
    196608,
    198656,
    200704
  ],
  "step": [
    20.80851,
    32.78125,
    63.3,
    102.64706,
    213.10001,
    293.71429,
    302.16666,
    385.79999,
    363.75,
    406.28571,
    398.75,
    386.75,
    500.0,
    500.0,
    500.0,
    500.0,
    500.0,
    500.0,
    500.0,
    500.0,
    500.0,
    500.0,
    500.0,
    500.0,
    500.0,
    500.0,
    500.0,
    500.0,
    500.0,
    500.0,
    500.0,
    500.0,
    500.0,
    500.0,
    500.0,
    500.0,
    500.0,
    500.0,
    500.0,
    500.0,
    500.0,
    500.0,
    500.0,
    500.0,
    500.0,
    500.0,
    500.0,
    500.0,
    500.0,
    500.0,
    500.0,
    500.0,
    500.0,
    500.0,
    431.0,
    332.25,
    435.39999,
    500.0,
    500.0,
    500.0,
    500.0,
    500.0,
    500.0,
    500.0,
    500.0,
    500.0,
    500.0,
    500.0,
    500.0,
    500.0,
    500.0,
    500.0,
    500.0,
    500.0,
    500.0,
    500.0,
    500.0,
    500.0,
    500.0,
    500.0,
    500.0,
    500.0,
    500.0,
    500.0,
    500.0,
    500.0,
    500.0,
    500.0,
    500.0,
    500.0,
    500.0,
    500.0,
    500.0,
    500.0,
    500.0,
    500.0,
    500.0,
    407.0
  ],
  "v_value": [
    -1.87412,
    -0.20852,
    8.12687,
    17.86192,
    27.13824,
    34.32945,
    38.75105,
    47.5956,
    56.43409,
    54.95288,
    56.40317,
    63.55692,
    76.60635,
    79.24275,
    79.37038,
    74.65842,
    75.32703,
    74.13161,
    85.2538,
    78.85712,
    79.78035,
    86.01575,
    88.06358,
    86.35037,
    82.85312,
    80.64418,
    84.52116,
    85.63033,
    83.90662,
    82.4313,
    87.90571,
    87.92085,
    87.70842,
    88.17438,
    87.76521,
    85.93088,
    86.50587,
    86.71305,
    86.06898,
    85.82821,
    85.49837,
    85.42858,
    84.35456,
    83.78963,
    86.29869,
    85.44458,
    85.60973,
    85.18714,
    84.20927,
    84.08686,
    84.43406,
    83.87794,
    83.01609,
    83.14323,
    82.56487,
    80.98753,
    80.68064,
    84.34052,
    83.72554,
    82.92845,
    83.94894,
    81.09232,
    77.13214,
    81.42516,
    85.18339,
    88.00793,
    88.05469,
    86.20299,
    86.1634,
    87.03215,
    85.69542,
    87.49767,
    88.69376,
    90.06767,
    87.22761,
    86.22948,
    88.27943,
    89.95066,
    90.14571,
    88.75542,
    87.55241,
    87.08556,
    85.41086,
    84.3828,
    83.89638,
    83.74873,
    83.30944,
    84.03883,
    84.06772,
    83.75324,
    83.12014,
    86.57085,
    85.71521,
    84.34973,
    83.77434,
    84.37673,
    85.32912,
    86.33308
  ],
  "loss_p": [
    0.00203,
    0.00339,
    0.00302,
    0.00153,
    0.00187,
    0.00278,
    0.00383,
    0.00345,
    0.00442,
    -0.00049,
    0.00624,
    -0.00011,
    -9e-05,
    -3e-05,
    0.00053,
    0.00109,
    0.00159,
    0.00214,
    -0.00026,
    0.00073,
    0.00118,
    0.00104,
    -6e-05,
    -0.00019,
    0.00013,
    0.00042,
    -0.00034,
    0.00058,
    6e-05,
    0.00081,
    0.00053,
    -0.00011,
    -0.00018,
    -0.00038,
    -0.00019,
    0.00017,
    0.00016,
    -0.00123,
    0.00082,
    -0.00023,
    -0.00105,
    -0.00024,
    0.00014,
    0.00063,
    -0.00019,
    1e-05,
    -0.00055,
    -0.00037,
    -0.00032,
    -0.00031,
    0.00019,
    0.00085,
    0.00051,
    -0.00048,
    -0.00014,
    0.0003,
    0.00048,
    0.00036,
    0.00023,
    0.00089,
    -0.00036,
    0.00015,
    -0.00031,
    -0.00024,
    0.00049,
    0.00019,
    -5e-05,
    -0.0003,
    -7e-05,
    0.00042,
    0.00072,
    0.0013,
    0.00206,
    0.00053,
    5e-05,
    0.00097,
    0.00022,
    -7e-05,
    5e-05,
    -0.00065,
    -0.0002,
    0.00044,
    0.00038,
    0.00059,
    -8e-05,
    -1e-05,
    -0.00031,
    -0.00065,
    4e-05,
    9e-05,
    0.00037,
    5e-05,
    -0.00014,
    -0.00029,
    6e-05,
    7e-05,
    0.00055,
    0.0004
  ],
  "loss_v": [
    40.39593,
    33.48906,
    33.97149,
    32.88903,
    22.84121,
    12.62731,
    7.33197,
    15.90555,
    9.9654,
    19.79286,
    2.00718,
    1.72336,
    24.96731,
    43.22889,
    40.02447,
    40.63418,
    22.56112,
    25.81652,
    56.35419,
    36.67517,
    39.4567,
    49.17423,
    64.05956,
    60.55209,
    53.49564,
    44.18084,
    55.72359,
    54.24516,
    40.12418,
    36.51873,
    57.87381,
    62.07153,
    58.84452,
    63.51202,
    64.88258,
    60.29835,
    62.65776,
    60.598,
    59.6115,
    73.13562,
    59.09922,
    60.21453,
    58.0826,
    57.95821,
    61.3371,
    60.70974,
    59.64336,
    60.19266,
    57.91443,
    57.64817,
    59.30965,
    55.73154,
    58.17194,
    55.89429,
    59.93264,
    101.90382,
    61.77674,
    55.61384,
    65.27905,
    56.20991,
    54.56103,
    47.91952,
    42.68006,
    48.90636,
    53.76821,
    61.7219,
    64.22079,
    61.93456,
    61.1371,
    57.33937,
    58.72662,
    59.72503,
    62.25711,
    78.28503,
    59.17403,
    45.09248,
    53.42194,
    70.54299,
    63.78096,
    64.50975,
    61.01523,
    61.97217,
    57.46821,
    58.82485,
    56.2198,
    57.77295,
    57.48629,
    57.94031,
    59.00367,
    55.96038,
    56.61604,
    60.1246,
    68.13924,
    55.83442,
    57.61387,
    57.09389,
    61.18976,
    62.92021
  ],
  "loss_ent": [
    0.6822,
    0.64726,
    0.61053,
    0.5832,
    0.56963,
    0.5494,
    0.54834,
    0.54272,
    0.53017,
    0.53537,
    0.52148,
    0.52306,
    0.48497,
    0.47903,
    0.48294,
    0.49782,
    0.49575,
    0.46635,
    0.46282,
    0.45866,
    0.44854,
    0.45006,
    0.46495,
    0.46762,
    0.47718,
    0.4914,
    0.48278,
    0.4843,
    0.46588,
    0.45319,
    0.43268,
    0.44228,
    0.43591,
    0.45514,
    0.45215,
    0.4452,
    0.47002,
    0.4551,
    0.42262,
    0.42683,
    0.43028,
    0.44058,
    0.43934,
    0.44878,
    0.46421,
    0.47848,
    0.48272,
    0.48749,
    0.49595,
    0.51239,
    0.49691,
    0.49457,
    0.51523,
    0.51755,
    0.50397,
    0.52592,
    0.51021,
    0.50366,
    0.4937,
    0.46458,
    0.4667,
    0.46598,
    0.46301,
    0.45063,
    0.46095,
    0.47695,
    0.4736,
    0.47064,
    0.45143,
    0.48526,
    0.46952,
    0.47608,
    0.4702,
    0.46212,
    0.45906,
    0.47403,
    0.48292,
    0.5133,
    0.50922,
    0.50266,
    0.48666,
    0.48955,
    0.48251,
    0.47429,
    0.48805,
    0.48128,
    0.49477,
    0.4778,
    0.47596,
    0.48927,
    0.49021,
    0.48781,
    0.50395,
    0.50026,
    0.50472,
    0.50951,
    0.52102,
    0.50373
  ],