{
  "frame": [
    2048,
    4096,
    6144,
    8192,
    10240,
    12288,
    14336,
    16384,
    18432,
    20480,
    22528,
    24576,
    26624,
    28672,
    30720,
    32768,
    34816,
    36864,
    38912,
    40960,
    43008,
    45056,
    47104,
    49152,
    51200,
    53248,
    55296,
    57344,
    59392,
    61440,
    63488,
    65536,
    67584,
    69632,
    71680,
    73728,
    75776,
    77824,
    79872,
    81920,
    83968,
    86016,
    88064,
    90112,
    92160,
    94208,
    96256,
    98304,
    100352,
    102400,
    104448,
    106496,
    108544,
    110592,
    112640,
    114688,
    116736,
    118784,
    120832,
    122880,
    124928,
    126976,
    129024,
    131072,
    133120,
    135168,
    137216,
    139264,
    141312,
    143360,
    145408,
    147456,
    149504,
    151552,
    153600,
    155648,
    157696,
    159744,
    161792,
    163840,
    165888,
    167936,
    169984,
    172032,
    174080,
    176128,
    178176,
    180224,
    182272,
    184320,
    186368,
    188416,
    190464,
    192512,
    194560,
    196608,
    198656,
    200704
  ],
  "step": [
    21.55319,
    29.25373,
    61.87879,
    90.05264,
    162.92308,
    248.75,
    311.66666,
    369.60001,
    365.66666,
    400.75,
    500.0,
    500.0,
    500.0,
    500.0,
    500.0,
    500.0,
    500.0,
    500.0,
    500.0,
    500.0,
    500.0,
    500.0,
    500.0,
    414.39999,
    500.0,
    500.0,
    408.39999,
    500.0,
    500.0,
    500.0,
    500.0,
    416.79999,
    476.75,
    500.0,
    442.39999,
    500.0,
    500.0,
    500.0,
    411.0,
    497.0,
    500.0,
    500.0,
    500.0,
    462.75,
    458.60001,
    461.60001,
    500.0,
    500.0,
    500.0,
    500.0,
    485.75,
    370.83334,
    500.0,
    500.0,
    460.25,
    500.0,
    500.0,
    462.5,
    500.0,
    500.0,
    500.0,
    500.0,
    500.0,
    500.0,
    500.0,
    500.0,
    500.0,
    500.0,
    500.0,
    500.0,
    500.0,
    500.0,
    500.0,
    500.0,
    500.0,
    500.0,
    500.0,
    500.0,
    500.0,
    500.0,
    500.0,
    500.0,
    500.0,
    500.0,
    500.0,
    500.0,
    500.0,
    500.0,
    500.0,
    500.0,
    500.0,
    500.0,
    500.0,
    500.0,
    500.0,
    500.0,
    500.0,
    500.0
  ],
  "v_value": [
    -2.03206,
    -0.75651,
    7.72831,
    17.06314,
    24.34916,
    31.24288,
    41.58151,
    50.13806,
    50.7706,
    55.65508,
    69.67329,
    73.91566,
    76.58604,
    78.0458,
    79.63611,
    79.88257,
    81.06648,
    78.2953,
    84.13438,
    86.08634,
    88.37245,
    86.49285,
    85.10708,
    83.64844,
    84.69225,
    85.82985,
    89.24613,
    89.36128,
    89.19148,
    86.94994,
    85.3271,
    84.41476,
    81.32828,
    86.44273,
    86.6448,
    86.69096,
    88.10857,
    81.16299,
    83.62274,
    84.17007,
    86.73396,
    74.24223,
    68.98714,
    79.42707,
    79.79264,
    89.07348,
    82.80579,
    88.4762,
    86.75507,
    83.51259,
    79.51215,
    86.13586,
    88.5156,
    86.06111,
    82.71378,
    84.75926,
    83.63169,
    82.28902,
    80.16566,
    80.00565,
    82.20412,
    82.25594,
    81.23363,
    80.96777,
    82.64676,
    83.76628,
    84.47394,
    83.71853,
    83.96159,
    83.5631,
    84.15367,
    84.41727,
    85.53926,
    84.0218,
    85.47373,
    88.15665,
    88.42976,
    88.79794,
    87.69992,
    87.62887,
    86.29446,
    82.33208,
    83.86819,
    83.25786,
    82.09825,
    84.51366,
    83.49321,
    83.28722,
    84.09969,
    83.09483,
    83.21384,
    84.01377,
    84.82311,
    84.73857,
    83.54679,
    84.02434,
    84.8362,
    84.0641
  ],
  "loss_p": [
    0.00163,
    0.00428,
    0.00303,
    0.00192,
    0.00133,
    0.00177,
    0.00058,
    0.00085,
    0.0012,
    0.00179,
    0.00049,
    0.00048,
    0.00033,
    0.00016,
    -0.00055,
    0.00145,
    0.00071,
    0.00063,
    0.00063,
    0.00095,
    0.00024,
    0.00025,
    2e-05,
    2e-05,
    -0.00012,
    0.0017,
    0.00033,
    0.00029,
    0.0001,
    -0.00018,
    -0.00065,
    -5e-05,
    0.00019,
    0.00017,
    -0.0002,
    7e-05,
    -0.00027,
    0.001,
    0.00057,
    0.00067,
    -0.00022,
    0.00045,
    0.00018,
    0.00137,
    0.0011,
    0.0005,
    0.00102,
    0.00058,
    0.00085,
    -9e-05,
    0.00013,
    0.00025,
    0.00012,
    -0.00062,
    0.00018,
    0.00016,
    2e-05,
    -0.00047,
    -0.00043,
    0.0004,
    7e-05,
    0.00089,
    0.00015,
    0.00016,
    0.00047,
    0.00026,
    -2e-05,
    -3e-05,
    0.00022,
    -0.00051,
    -8e-05,
    0.0003,
    0.00022,
    6e-05,
    0.00056,
    0.00024,
    0.00052,
    0.00153,
    -0.00017,
    -0.0005,
    0.00026,
    0.00028,
    0.00062,
    -0.00013,
    0.00047,
    0.0003,
    -6e-05,
    0.00012,
    -0.00071,
    -0.00058,
    0.00015,
    0.00039,
    0.00037,
    0.00066,
    0.00078,
    0.00063,
    0.00083,
    0.00019
  ],
  "loss_v": [
    38.34937,
    31.0839,
    38.4617,
    36.15912,
    29.81647,
    14.16444,
    10.89198,
    19.39112,
    8.89323,
    9.22962,
    32.76898,
    47.23601,
    45.26752,
    49.12633,
    52.41795,
    42.83575,
    48.63955,
    50.06043,
    46.41081,
    68.06062,
    66.01668,
    62.19135,
    59.90553,
    70.06654,
    54.60347,
    40.62212,
    75.61124,
    67.04646,
    66.79114,
    60.59813,
    65.29877,
    74.26199,
    45.71848,
    54.50291,
    82.04214,
    59.40464,
    63.5102,
    47.90228,
    80.69414,
    64.36746,
    49.91845,
    32.92145,
    29.80698,
    40.881,
    38.59443,
    59.04892,
    39.80017,
    60.37135,
    58.97181,
    52.8465,
    43.64835,
    79.44554,
    64.64384,
    71.53523,
    59.15117,
    57.43902,
    57.85467,
    54.11057,
    50.46191,
    52.26142,
    55.83699,
    52.99733,
    47.51964,
    53.15318,
    55.32093,
    59.07803,
    56.80397,
    54.55151,
    58.74007,
    49.98983,
    58.10548,
    56.08595,
    58.47616,
    57.57432,
    56.83237,
    57.25603,
    72.76331,
    62.39612,
    63.06633,
    59.01245,
    54.50614,
    60.08451,
    59.48515,
    56.65844,
    53.5668,
    59.12701,
    59.35853,
    59.37676,
    55.8692,
    55.10206,
    64.8165,
    56.00242,
    60.67109,
    59.09379,
    58.4943,
    56.95845,
    58.53292,
    57.64936
  ],
  "loss_ent": [
    0.68389,
    0.6442,
    0.61386,
    0.59249,
    0.58292,
    0.56749,
    0.57825,
    0.55897,
    0.56121,
    0.54966,
    0.52828,
    0.4977,
    0.52961,
    0.51615,
    0.51734,
    0.50292,
    0.52898,
    0.52511,
    0.54438,
    0.54775,
    0.56413,
    0.54776,
    0.55763,
    0.55395,
    0.55345,
    0.54924,
    0.5596,
    0.54668,
    0.55811,
    0.57795,
    0.56,
    0.55767,
    0.563,
    0.55756,
    0.55313,
    0.54904,
    0.57196,
    0.56703,
    0.54147,
    0.53982,
    0.55653,
    0.56713,
    0.57836,
    0.54708,
    0.53218,
    0.52501,
    0.55281,
    0.54351,
    0.53418,
    0.54498,
    0.51824,
    0.50138,
    0.53059,
    0.54187,
    0.49022,
    0.51465,
    0.5404,
    0.53269,
    0.52358,
    0.50653,
    0.52297,
    0.53013,
    0.50294,
    0.52332,
    0.49877,
    0.50157,
    0.50057,
    0.47184,
    0.51228,
    0.50602,
    0.52528,
    0.53562,
    0.51314,
    0.54248,
    0.52423,
    0.53678,
    0.519,
    0.51226,
    0.51404,
    0.5146,
    0.51391,
    0.52115,
    0.51441,
    0.51074,
    0.52618,
    0.51728,
    0.51963,
    0.4883,
    0.49139,
    0.50855,
    0.49109,
    0.48655,
    0.4867,
    0.49384,
    0.50119,
    0.47182,
    0.46706,
    0.46133
  ],