{
  "frame": [
    2048,
    4096,
    6144,
    8192,
    10240,
    12288,
    14336,
    16384,
    18432,
    20480,
    22528,
    24576,
    26624,
    28672,
    30720,
    32768,
    34816,
    36864,
    38912,
    40960,
    43008,
    45056,
    47104,
    49152,
    51200,
    53248,
    55296,
    57344,
    59392,
    61440,
    63488,
    65536,
    67584,
    69632,
    71680,
    73728,
    75776,
    77824,
    79872,
    81920,
    83968,
    86016,
    88064,
    90112,
    92160,
    94208,
    96256,
    98304,
    100352,
    102400,
    104448,
    106496,
    108544,
    110592,
    112640,
    114688,
    116736,
    118784,
    120832,
    122880,
    124928,
    126976,
    129024,
    131072,
    133120,
    135168,
    137216,
    139264,
    141312,
    143360,
    145408,
    147456,
    149504,
    151552,
    153600,
    155648,
    157696,
    159744,
    161792,
    163840,
    165888,
    167936,
    169984,
    172032,
    174080,
    176128,
    178176,
    180224,
    182272,
    184320,
    186368,
    188416,
    190464,
    192512,
    194560,
    196608,
    198656,
    200704
  ],
  "step": [
    21.32631,
    32.48276,
    54.46154,
    99.73684,
    121.4375,
    225.625,
    250.625,
    389.25,
    463.5,
    500.0,
    493.75,
    500.0,
    500.0,
    500.0,
    500.0,
    500.0,
    500.0,
    373.42856,
    449.25,
    500.0,
    500.0,
    500.0,
    500.0,
    500.0,
    500.0,
    405.79999,
    422.79999,
    450.0,
    480.39999,
    500.0,
    500.0,
    500.0,
    500.0,
    500.0,
    500.0,
    500.0,
    500.0,
    500.0,
    500.0,
    500.0,
    500.0,
    500.0,
    500.0,
    500.0,
    500.0,
    500.0,
    500.0,
    500.0,
    500.0,
    490.25,
    500.0,
    500.0,
    500.0,
    500.0,
    427.60001,
    500.0,
    500.0,
    500.0,
    426.79999,
    500.0,
    500.0,
    500.0,
    500.0,
    500.0,
    500.0,
    500.0,
    500.0,
    500.0,
    499.60001,
    500.0,
    500.0,
    500.0,
    500.0,
    500.0,
    500.0,
    500.0,
    500.0,
    500.0,
    500.0,
    500.0,
    500.0,
    500.0,
    500.0,
    412.79999,
    500.0,
    467.75,
    500.0,
    500.0,
    500.0,
    500.0,
    500.0,
    500.0,
    500.0,
    500.0,
    500.0,
    451.25,
    369.0,
    341.66666
  ],
  "v_value": [
    -1.92665,
    0.34927,
    6.22448,
    13.01589,
    21.45597,
    29.99952,
    33.10837,
    50.38185,
    52.76915,
    62.88004,
    65.68298,
    71.89255,
    75.67931,
    74.90102,
    68.9928,
    76.07488,
    83.82236,
    80.41511,
    79.02959,
    81.88777,
    86.8783,
    85.86263,
    85.69733,
    83.27806,
    84.72967,
    84.57561,
    83.37821,
    82.87727,
    81.3188,
    81.8303,
    84.15417,
    82.87132,
    81.81673,
    81.38848,
    77.19371,
    78.81078,
    78.11172,
    80.06172,
    82.7318,
    79.2943,
    75.86137,
    79.86298,
    80.00545,
    83.5987,
    87.58468,
    86.71244,
    83.79031,
    86.9518,
    90.87981,
    90.32026,
    90.21813,
    91.12327,
    89.22573,
    89.24227,
    89.70552,
    90.26498,
    88.52422,
    89.73439,
    88.31102,
    89.03496,
    88.21825,
    87.35793,
    86.17612,
    86.25675,
    85.03846,
    86.24573,
    86.1649,
    85.74467,
    84.50434,
    82.48988,
    81.99251,
    86.37197,
    86.35661,
    86.88911,
    87.28647,
    86.95078,
    86.1253,
    85.38262,
    83.71702,
    83.28612,
    85.48253,
    85.14442,
    84.49825,
    84.52187,
    82.67739,
    84.20896,
    82.86746,
    83.38034,
    83.74982,
    84.74947,
    86.96597,
    86.17033,
    85.68392,
    84.54708,
    85.55753,
    85.99288,
    83.47565,
    84.49593
  ],
  "loss_p": [
    0.00218,
    0.00358,
    0.00316,
    0.00244,
    0.00191,
    0.00149,
    0.00594,
    0.00136,
    0.00012,
    -0.0002,
    0.00109,
    0.00049,
    7e-05,
    -0.00025,
    0.0022,
    0.00077,
    0.00024,
    0.00016,
    0.0007,
    0.00087,
    0.00018,
    2e-05,
    0.00017,
    0.00071,
    0.00136,
    0.00041,
    0.00032,
    0.00108,
    5e-05,
    0.00033,
    -0.00014,
    0.00011,
    0.00087,
    -0.00013,
    0.00011,
    -0.00057,
    0.00046,
    0.00068,
    0.00026,
    0.00055,
    -0.00011,
    -8e-05,
    0.00083,
    0.00073,
    -0.00012,
    -7e-05,
    0.00139,
    0.0011,
    0.00013,
    0.00065,
    0.00045,
    -0.00011,
    0.00167,
    0.0016,
    0.00111,
    0.00022,
    0.00098,
    -0.00044,
    -5e-05,
    0.00011,
    0.00011,
    -0.00056,
    0.00067,
    0.00069,
    0.00024,
    -0.00013,
    0.00044,
    -8e-05,
    0.00048,
    0.00013,
    0.00084,
    0.00057,
    -0.00044,
    -0.00067,
    -0.00041,
    0.00015,
    0.00068,
    8e-05,
    -0.0005,
    0.00093,
    0.00016,
    2e-05,
    0.00091,
    0.00037,
    0.00037,
    0.00066,
    0.0002,
    0.0003,
    0.0002,
    -0.00013,
    -0.00019,
    -0.00011,
    -0.00023,
    -0.0004,
    -0.00039,
    -0.00013,
    0.00036,
    0.00055
  ],
  "loss_v": [
    39.02728,
    35.05407,
    36.33527,
    29.218,
    28.57723,
    17.49398,
    11.00875,
    8.01509,
    17.05222,
    29.58904,
    28.59521,
    36.82379,
    45.81206,
    46.02405,
    31.21603,
    33.93465,
    58.53986,
    64.52629,
    48.67335,
    56.21706,
    60.85581,
    60.46689,
    59.4384,
    56.9142,
    60.4947,
    76.7998,
    77.74503,
    66.19716,
    73.43748,
    52.23569,
    58.5021,
    51.28638,
    55.29488,
    60.98893,
    48.85483,
    42.969,
    44.97507,
    50.60589,
    56.64487,
    45.33519,
    43.13638,
    49.88409,
    52.11825,
    57.34538,
    65.03721,
    56.78893,
    47.32691,
    61.37035,
    66.59821,
    68.68092,
    56.80968,
    67.47859,
    63.56824,
    65.73228,
    82.07863,
    69.16303,
    65.61139,
    66.02493,
    75.85043,
    66.61316,
    65.14149,
    62.51536,
    60.46622,
    56.63934,
    58.33136,
    60.19319,
    69.0751,
    57.85479,
    61.12178,
    54.78002,
    49.59989,
    63.24567,
    58.61906,
    61.68054,
    56.53298,
    64.95274,
    62.14926,
    59.97191,
    58.50643,
    56.30231,
    58.60257,
    58.72134,
    59.96486,
    68.92555,
    48.94767,
    54.04002,
    54.16503,
    54.69595,
    58.82965,
    56.51421,
    64.29306,
    62.1912,
    60.83393,
    58.75798,
    60.89768,
    69.14382,
    96.23289,
    90.58916
  ],
  "loss_ent": [
    0.68335,
    0.65086,
    0.61594,
    0.5952,
    0.57044,
    0.56286,
    0.56625,
    0.54867,
    0.54919,
    0.54636,
    0.53424,
    0.53159,
    0.55001,
    0.54108,
    0.52464,
    0.54835,
    0.60019,
    0.57779,
    0.56603,
    0.55793,
    0.55269,
    0.54412,
    0.55332,
    0.54982,
    0.5495,
    0.56578,
    0.54775,
    0.52756,
    0.53989,
    0.54918,
    0.55235,
    0.55191,
    0.5486,
    0.55067,
    0.55521,
    0.54377,
    0.55659,
    0.54297,
    0.52232,
    0.5458,
    0.55531,
    0.5613,
    0.54742,
    0.53302,
    0.55339,
    0.53232,
    0.54558,
    0.53269,
    0.54483,
    0.52682,
    0.53187,
    0.55713,
    0.56011,
    0.54583,
    0.54857,
    0.54689,
    0.53011,
    0.55842,
    0.53545,
    0.5434,
    0.52486,
    0.56038,
    0.53926,
    0.53143,
    0.54033,
    0.54102,
    0.55779,
    0.54803,
    0.55424,
    0.55352,
    0.52132,
    0.54161,
    0.55003,
    0.54597,
    0.5422,
    0.54132,
    0.53822,
    0.52262,
    0.52362,
    0.53968,
    0.55497,
    0.55117,
    0.57055,
    0.55672,
    0.54761,
    0.55664,
    0.55374,
    0.57215,
    0.54395,
    0.55209,
    0.5472,
    0.51945,
    0.53708,
    0.55261,
    0.53607,
    0.5686,
    0.5323,
    0.53544
  ],