{
  "frame": [
    1024,
    2048,
    3072,
    4096,
    5120,
    6144,
    7168,
    8192,
    9216,
    10240,
    11264,
    12288,
    13312,
    14336,
    15360,
    16384,
    17408,
    18432,
    19456,
    20480,
    21504,
    22528,
    23552,
    24576,
    25600,
    26624,
    27648,
    28672,
    29696,
    30720,
    31744,
    32768,
    33792,
    34816,
    35840,
    36864,
    37888,
    38912,
    39936,
    40960,
    41984,
    43008,
    44032,
    45056,
    46080,
    47104,
    48128,
    49152,
    50176,
    51200,
    52224,
    53248,
    54272,
    55296,
    56320,
    57344,
    58368,
    59392,
    60416,
    61440,
    62464,
    63488,
    64512,
    65536,
    66560,
    67584,
    68608,
    69632,
    70656,
    71680,
    72704,
    73728,
    74752,
    75776,
    76800,
    77824,
    78848,
    79872,
    80896,
    81920,
    82944,
    83968,
    84992,
    86016,
    87040,
    88064,
    89088,
    90112,
    91136,
    92160,
    93184,
    94208,
    95232,
    96256,
    97280,
    98304,
    99328,
    100352,
    101376,
    102400,
    103424,
    104448,
    105472,
    106496,
    107520,
    108544,
    109568,
    110592,
    111616,
    112640,
    113664,
    114688,
    115712,
    116736,
    117760,
    118784,
    119808,
    120832,
    121856,
    122880,
    123904,
    124928,
    125952,
    126976,
    128000,
    129024,
    130048,
    131072,
    132096,
    133120,
    134144,
    135168,
    136192,
    137216,
    138240,
    139264,
    140288,
    141312,
    142336,
    143360,
    144384,
    145408,
    146432,
    147456,
    148480,
    149504,
    150528,
    151552,
    152576,
    153600,
    154624,
    155648,
    156672,
    157696,
    158720,
    159744,
    160768,
    161792,
    162816,
    163840,
    164864,
    165888,
    166912,
    167936,
    168960,
    169984,
    171008,
    172032,
    173056,
    174080,
    175104,
    176128,
    177152,
    178176,
    179200,
    180224,
    181248,
    182272,
    183296,
    184320,
    185344,
    186368,
    187392,
    188416,
    189440,
    190464,
    191488,
    192512,
    193536,
    194560,
    195584,
    196608,
    197632,
    198656,
    199680,
    200704
  ],
  "step": [
    57.0,
    192.25,
    317.0,
    260.5,
    135.33333,
    402.0,
    369.66666,
    184.60001,
    326.33334,
    164.5,
    260.0,
    217.0,
    360.75,
    223.0,
    411.5,
    281.20001,
    101.5,
    312.0,
    474.25,
    124.0,
    540.5,
    257.0,
    167.8,
    317.33334,
    392.5,
    250.8,
    442.5,
    190.71428,
    151.33333,
    145.83333,
    116.25,
    378.5,
    113.5,
    440.75,
    155.5,
    259.79999,
    259.75,
    275.0,
    346.0,
    268.33334,
    248.28572,
    null,
    319.39999,
    126.0,
    421.79999,
    355.0,
    202.0,
    316.66666,
    252.0,
    369.33334,
    284.0,
    302.5,
    122.5,
    339.66666,
    406.79999,
    196.39999,
    152.8,
    307.5,
    152.75,
    284.0,
    133.66667,
    250.0,
    375.39999,
    220.25,
    240.0,
    263.66666,
    612.0,
    254.25,
    186.33333,
    82.75,
    363.79999,
    270.0,
    266.0,
    195.75,
    329.39999,
    228.0,
    307.25,
    92.0,
    436.0,
    454.5,
    271.0,
    493.33334,
    324.20001,
    163.5,
    397.0,
    179.5,
    332.5,
    446.66666,
    391.25,
    131.8,
    293.0,
    258.0,
    391.25,
    122.6,
    342.0,
    355.79999,
    428.0,
    141.0,
    167.60001,
    312.39999,
    123.0,
    456.33334,
    224.33333,
    439.75,
    140.8,
    320.28571,
    141.75,
    186.5,
    194.0,
    244.0,
    215.16667,
    668.0,
    244.33333,
    385.66666,
    489.33334,
    155.0,
    455.20001,
    147.0,
    66.25,
    243.5,
    488.33334,
    147.83333,
    207.25,
    213.0,
    358.0,
    185.0,
    228.0,
    390.33334,
    496.33334,
    156.0,
    179.57143,
    169.75,
    263.0,
    335.79999,
    371.0,
    222.39999,
    null,
    155.33333,
    514.0,
    496.60001,
    282.25,
    169.0,
    157.125,
    186.66667,
    189.0,
    260.33334,
    133.0,
    667.0,
    370.66666,
    391.25,
    152.5,
    481.0,
    216.75,
    258.20001,
    498.0,
    178.55556,
    140.8,
    223.33333,
    249.0,
    305.0,
    252.0,
    398.0,
    499.5,
    145.5,
    281.25,
    137.0,
    434.0,
    210.42857,
    120.66666,
    242.33333,
    201.5,
    247.16667,
    262.5,
    null,
    371.66666,
    559.0,
    731.5,
    230.2,
    251.75,
    204.33333,
    411.33334,
    231.60001,
    317.0,
    234.0,
    376.5,
    302.0,
    276.875,
    154.66667,
    233.16667,
    124.5,
    218.42857,
    129.0,
    241.5,
    235.75,
    212.66667,
    487.75
  ],
  "v_value": [
    null,
    null,
    null,
    null,
    null,
    null,
    null,
    null,
    null,
    null,
    null,
    null,
    null,
    null,
    null,
    null,
    null,
    null,
    null,
    null,
    null,
    null,
    null,
    null,
    null,
    null,
    null,
    null,
    null,
    null,
    null,
    null,
    null,
    null,
    null,
    null,
    null,
    null,
    null,
    null,
    null,
    null,
    null,
    null,
    null,
    null,
    null,
    null,
    null,
    null,
    null,
    null,
    null,
    null,
    null,
    null,
    null,
    null,
    null,
    null,
    null,
    null,
    null,
    null,
    null,
    null,
    null,
    null,
    null,
    null,
    null,
    null,
    null,
    null,
    null,
    null,
    null,
    null,
    null,
    null,
    null,
    null,
    null,
    null,
    null,
    null,
    null,
    null,
    null,
    null,
    null,
    null,
    null,
    null,
    null,
    null,
    null,
    null,
    null,
    null,
    null,
    null,
    null,
    null,
    null,
    null,
    null,
    null,
    null,
    null,
    null,
    null,
    null,
    null,
    null,
    null,
    null,
    null,
    null,
    null,
    null,
    null,
    null,
    null,
    null,
    null,
    null,
    null,
    null,
    null,
    null,
    null,
    null,
    null,
    null,
    null,
    null,
    null,
    null,
    null,
    null,
    null,
    null,
    null,
    null,
    null,
    null,
    null,
    null,
    null,
    null,
    null,
    null,
    null,
    null,
    null,
    null,
    null,
    null,
    null,
    null,
    null,
    null,
    null,
    null,
    null,
    null,
    null,
    null,
    null,
    null,
    null,
    null,
    null,
    null,
    null,
    null,
    null,
    null,
    null,
    null,
    null,
    null,
    null,
    null,
    null,
    null,
    null,
    null,
    null,
    null,
    null,
    null,
    null,
    null,
    null
  ],