{
  "frame": [
    2048,
    4096,
    6144,
    8192,
    10240,
    12288,
    14336,
    16384,
    18432,
    20480,
    22528,
    24576,
    26624,
    28672,
    30720,
    32768,
    34816,
    36864,
    38912,
    40960,
    43008,
    45056,
    47104,
    49152,
    51200,
    53248,
    55296,
    57344,
    59392,
    61440,
    63488,
    65536,
    67584,
    69632,
    71680,
    73728,
    75776,
    77824,
    79872,
    81920,
    83968,
    86016,
    88064,
    90112,
    92160,
    94208,
    96256,
    98304,
    100352,
    102400,
    104448,
    106496,
    108544,
    110592,
    112640,
    114688,
    116736,
    118784,
    120832,
    122880,
    124928,
    126976,
    129024,
    131072,
    133120,
    135168,
    137216,
    139264,
    141312,
    143360,
    145408,
    147456,
    149504,
    151552,
    153600,
    155648,
    157696,
    159744,
    161792,
    163840,
    165888,
    167936,
    169984,
    172032,
    174080,
    176128,
    178176,
    180224,
    182272,
    184320,
    186368,
    188416,
    190464,
    192512,
    194560,
    196608,
    198656,
    200704
  ],
  "step": [
    22.25843,
    30.98413,
    57.69444,
    95.47619,
    166.0,
    190.75,
    275.57144,
    336.60001,
    433.16666,
    500.0,
    500.0,
    500.0,
    500.0,
    500.0,
    500.0,
    500.0,
    500.0,
    500.0,
    500.0,
    492.0,
    500.0,
    500.0,
    500.0,
    500.0,
    500.0,
    500.0,
    500.0,
    500.0,
    264.27274,
    154.25,
    267.83334,
    461.5,
    500.0,
    500.0,
    500.0,
    500.0,
    500.0,
    500.0,
    500.0,
    500.0,
    500.0,
    500.0,
    500.0,
    500.0,
    500.0,
    500.0,
    500.0,
    500.0,
    500.0,
    500.0,
    490.75,
    424.75,
    500.0,
    406.60001,
    500.0,
    500.0,
    500.0,
    500.0,
    500.0,
    500.0,
    500.0,
    500.0,
    500.0,
    500.0,
    500.0,
    500.0,
    500.0,
    500.0,
    500.0,
    500.0,
    500.0,
    500.0,
    500.0,
    500.0,
    500.0,
    500.0,
    500.0,
    500.0,
    424.33334,
    435.75,
    385.66666,
    500.0,
    429.60001,
    500.0,
    500.0,
    500.0,
    500.0,
    500.0,
    500.0,
    500.0,
    500.0,
    500.0,
    500.0,
    500.0,
    500.0,
    500.0,
    500.0,
    500.0
  ],
  "v_value": [
    -2.30177,
    -0.86054,
    7.06752,
    14.43805,
    24.33769,
    29.39404,
    34.86462,
    43.8052,
    47.627,
    63.88099,
    63.91866,
    74.55995,
    75.57074,
    77.02802,
    77.15073,
    79.10574,
    79.53764,
    81.44563,
    81.68442,
    80.44526,
    80.9131,
    84.03217,
    83.77458,
    84.36671,
    80.29988,
    82.34424,
    85.00236,
    84.14111,
    76.57156,
    72.92637,
    77.57452,
    75.70818,
    72.17517,
    84.92022,
    89.04114,
    88.99651,
    89.55135,
    86.89961,
    89.46709,
    90.34991,
    89.96512,
    86.24937,
    85.69543,
    85.19263,
    89.35853,
    87.32402,
    87.38461,
    85.76025,
    85.14571,
    84.37068,
    83.48619,
    81.51151,
    81.62666,
    75.95193,
    82.22997,
    85.84998,
    87.03545,
    86.40611,
    85.17796,
    84.98594,
    83.26494,
    81.91518,
    83.92173,
    83.61895,
    83.58577,
    83.9974,
    82.92675,
    83.51591,
    82.58672,
    82.30917,
    81.811,
    81.39153,
    81.22764,
    79.94545,
    81.34538,
    81.76463,
    84.6205,
    83.72572,
    84.09045,
    83.27637,
    82.08583,
    84.49535,
    84.14473,
    84.88003,
    84.20509,
    84.22652,
    83.64566,
    83.13628,
    83.76831,
    83.76125,
    84.31733,
    84.71252,
    84.07317,
    84.1008,
    83.59331,
    82.8666,
    81.97379,
    80.78851
  ],
  "loss_p": [
    0.00172,
    0.0035,
    0.00296,
    0.0024,
    0.00223,
    0.00153,
    0.0028,
    0.00174,
    0.00341,
    0.00113,
    0.00158,
    -0.0003,
    0.00066,
    -0.00083,
    0.00071,
    4e-05,
    0.0003,
    -0.00037,
    0.0014,
    -0.00034,
    0.0002,
    7e-05,
    -0.00037,
    0.00081,
    0.00018,
    0.00125,
    -0.00014,
    -0.00108,
    0.0002,
    0.00061,
    0.00084,
    0.00069,
    0.00076,
    -5e-05,
    -4e-05,
    -0.00027,
    -0.00145,
    0.0012,
    -0.00044,
    0.00026,
    0.00068,
    -0.0001,
    -2e-05,
    0.00068,
    -2e-05,
    -0.00061,
    0.00023,
    -0.00056,
    0.00038,
    0.00058,
    -0.00048,
    0.00065,
    0.00028,
    0.00096,
    0.00023,
    1e-05,
    -0.00038,
    -6e-05,
    0.00018,
    -0.00034,
    0.00023,
    0.00044,
    0.00047,
    0.0001,
    -2e-05,
    0.00015,
    -0.00019,
    -0.00043,
    0.0003,
    -0.00031,
    -0.0001,
    0.00022,
    -0.00011,
    0.00045,
    -0.00027,
    -0.00019,
    -0.00039,
    -0.00086,
    0.00016,
    0.00095,
    0.00044,
    0.00021,
    -0.00015,
    0.0003,
    0.00084,
    0.00065,
    -0.00023,
    -0.00035,
    -3e-05,
    0.00032,
    0.00013,
    0.00037,
    -3e-05,
    -0.00051,
    0.00062,
    0.00096,
    -0.00013,
    -6e-05
  ],
  "loss_v": [
    37.71709,
    36.44176,
    40.44492,
    30.86081,
    20.88012,
    24.60464,
    13.51562,
    6.80654,
    13.03822,
    24.38049,
    15.55643,
    46.3892,
    47.71891,
    46.17854,
    46.86648,
    48.71875,
    51.8731,
    53.51366,
    54.69933,
    56.7121,
    50.92273,
    59.0689,
    58.02836,
    56.67916,
    43.94753,
    54.41502,
    59.23199,
    51.6049,
    133.06628,
    121.10414,
    79.14855,
    36.49886,
    31.20774,
    51.46031,
    65.56539,
    66.44464,
    66.61995,
    53.87276,
    63.85163,
    66.52622,
    67.84486,
    63.01509,
    50.65368,
    65.7691,
    61.0248,
    65.57811,
    63.43623,
    59.53187,
    69.93768,
    55.53955,
    50.27171,
    49.36161,
    43.6468,
    47.14861,
    57.06501,
    58.0031,
    72.5732,
    61.01268,
    58.49119,
    60.58612,
    55.4623,
    54.81811,
    57.28672,
    56.53211,
    54.71114,
    64.82661,
    56.3691,
    57.0189,
    56.55456,
    55.08988,
    55.55556,
    55.1096,
    53.53652,
    52.76041,
    54.59908,
    48.25114,
    59.94553,
    57.05662,
    78.96645,
    48.80633,
    81.53196,
    57.05189,
    68.91832,
    60.03328,
    57.37926,
    58.85727,
    57.83034,
    57.44051,
    58.12786,
    57.68374,
    58.75055,
    58.10865,
    70.02526,
    57.67767,
    57.65145,
    54.09882,
    55.30836,
    50.98158
  ],
  "loss_ent": [
    0.68154,
    0.65101,
    0.61579,
    0.59582,
    0.5902,
    0.5697,
    0.55042,
    0.55997,
    0.55165,
    0.53006,
    0.53375,
    0.52711,
    0.53644,
    0.53377,
    0.52321,
    0.53278,
    0.53244,
    0.53916,
    0.53788,
    0.52278,
    0.53269,
    0.5136,
    0.51988,
    0.54873,
    0.53635,
    0.53094,
    0.52066,
    0.51949,
    0.44844,
    0.45927,
    0.48275,
    0.49733,
    0.50766,
    0.5292,
    0.50502,
    0.5038,
    0.51499,
    0.48404,
    0.51031,
    0.51334,
    0.51983,
    0.5154,
    0.49299,
    0.50603,
    0.53005,
    0.50063,
    0.52148,
    0.50445,
    0.53081,
    0.5254,
    0.47843,
    0.44792,
    0.51636,
    0.48563,
    0.51291,
    0.51317,
    0.51317,
    0.53186,
    0.50807,
    0.51667,
    0.51349,
    0.50933,
    0.52264,
    0.52841,
    0.53046,
    0.53055,
    0.51595,
    0.50482,
    0.5224,
    0.51312,
    0.52062,
    0.55509,
    0.53141,
    0.5296,
    0.53999,
    0.52539,
    0.53823,
    0.52843,
    0.50692,
    0.48247,
    0.50121,
    0.52155,
    0.4983,
    0.5229,
    0.49905,
    0.51919,
    0.52382,
    0.51782,
    0.51598,
    0.5316,
    0.51292,
    0.51929,
    0.53058,
    0.5248,
    0.51698,
    0.50056,
    0.52094,
    0.5171
  ],