{
  "frame": [
    2048,
    4096,
    6144,
    8192,
    10240,
    12288,
    14336,
    16384,
    18432,
    20480,
    22528,
    24576,
    26624,
    28672,
    30720,
    32768,
    34816,
    36864,
    38912,
    40960,
    43008,
    45056,
    47104,
    49152,
    51200,
    53248,
    55296,
    57344,
    59392,
    61440,
    63488,
    65536,
    67584,
    69632,
    71680,
    73728,
    75776,
    77824,
    79872,
    81920,
    83968,
    86016,
    88064,
    90112,
    92160,
    94208,
    96256,
    98304,
    100352,
    102400,
    104448,
    106496,
    108544,
    110592,
    112640,
    114688,
    116736,
    118784,
    120832,
    122880,
    124928,
    126976,
    129024,
    131072,
    133120,
    135168,
    137216,
    139264,
    141312,
    143360,
    145408,
    147456,
    149504,
    151552,
    153600,
    155648,
    157696,
    159744,
    161792,
    163840,
    165888,
    167936,
    169984,
    172032,
    174080,
    176128,
    178176,
    180224,
    182272,
    184320,
    186368,
    188416,
    190464,
    192512,
    194560,
    196608,
    198656,
    200704
  ],
  "step": [
    22.47126,
    25.4375,
    43.02222,
    102.05,
    140.07692,
    232.75,
    262.5,
    407.39999,
    371.0,
    461.39999,
    403.20001,
    429.20001,
    500.0,
    449.75,
    493.5,
    500.0,
    500.0,
    500.0,
    500.0,
    500.0,
    500.0,
    467.5,
    500.0,
    500.0,
    500.0,
    500.0,
    429.0,
    384.33334,
    500.0,
    500.0,
    421.0,
    500.0,
    500.0,
    500.0,
    500.0,
    500.0,
    500.0,
    500.0,
    500.0,
    500.0,
    500.0,
    500.0,
    500.0,
    500.0,
    500.0,
    500.0,
    500.0,
    500.0,
    500.0,
    500.0,
    500.0,
    500.0,
    500.0,
    500.0,
    500.0,
    500.0,
    500.0,
    500.0,
    500.0,
    500.0,
    500.0,
    500.0,
    500.0,
    500.0,
    500.0,
    500.0,
    500.0,
    500.0,
    500.0,
    500.0,
    500.0,
    500.0,
    500.0,
    500.0,
    500.0,
    500.0,
    500.0,
    500.0,
    500.0,
    500.0,
    500.0,
    500.0,
    500.0,
    500.0,
    500.0,
    500.0,
    500.0,
    500.0,
    500.0,
    500.0,
    420.0,
    483.5,
    473.0,
    500.0,
    424.20001,
    500.0,
    500.0,
    500.0
  ],
  "v_value": [
    -1.84646,
    -2.7379,
    3.25102,
    13.31813,
    22.8741,
    31.60757,
    33.92336,
    47.55375,
    60.95592,
    60.89065,
    66.85615,
    70.75922,
    72.75356,
    72.56184,
    77.62057,
    79.9196,
    80.71783,
    82.18595,
    81.94991,
    83.22024,
    83.24654,
    83.66622,
    84.25636,
    84.39934,
    83.99598,
    82.68834,
    80.21194,
    78.29446,
    80.21466,
    76.38184,
    77.01724,
    78.85902,
    84.61192,
    85.39827,
    83.92175,
    87.63657,
    87.19223,
    86.70788,
    85.82051,
    86.9507,
    85.34618,
    84.73222,
    83.69769,
    85.70442,
    87.15314,
    88.18367,
    88.18715,
    87.06212,
    87.24317,
    86.3033,
    85.5876,
    87.21371,
    87.33051,
    87.92152,
    87.42427,
    88.44539,
    88.96034,
    90.20868,
    89.49378,
    88.95741,
    88.58936,
    87.52086,
    87.08126,
    85.61317,
    85.33044,
    84.72277,
    83.1585,
    82.90566,
    82.90817,
    81.89194,
    84.32906,
    82.40765,
    82.60385,
    84.04216,
    82.57256,
    82.84389,
    83.71512,
    83.3449,
    83.18126,
    83.37325,
    82.84653,
    80.43718,
    83.25712,
    82.64724,
    83.12317,
    83.18584,
    82.22602,
    84.47004,
    85.90163,
    88.09714,
    87.92941,
    87.6985,
    87.13717,
    85.8876,
    83.03929,
    83.63554,
    83.90597,
    83.64697
  ],
  "loss_p": [
    0.00207,
    0.0043,
    0.00367,
    0.00196,
    0.00125,
    0.00132,
    0.00361,
    0.00224,
    0.00025,
    0.001,
    0.00075,
    0.00029,
    -0.0001,
    0.00061,
    0.00033,
    0.00045,
    9e-05,
    0.00047,
    -0.00045,
    -0.0,
    -0.0004,
    3e-05,
    0.00071,
    0.00017,
    0.00075,
    -0.00017,
    0.00018,
    0.00031,
    -6e-05,
    0.00027,
    -3e-05,
    0.00046,
    -0.00026,
    -0.00016,
    0.00117,
    2e-05,
    9e-05,
    8e-05,
    -5e-05,
    -7e-05,
    -0.00045,
    7e-05,
    -0.00016,
    -0.00019,
    0.00027,
    0.00032,
    -0.00018,
    -7e-05,
    4e-05,
    0.00039,
    0.00028,
    -0.0001,
    -0.00032,
    0.00026,
    0.00076,
    0.0008,
    0.00093,
    0.0,
    -1e-05,
    0.00066,
    -0.00042,
    0.00012,
    -0.00049,
    -0.0001,
    -0.00022,
    0.00019,
    -2e-05,
    6e-05,
    -0.00017,
    -0.00021,
    8e-05,
    0.00075,
    0.00022,
    0.00066,
    0.00104,
    3e-05,
    0.00036,
    0.00147,
    -0.00033,
    -0.00026,
    -0.0003,
    0.0009,
    -0.00013,
    0.0004,
    0.0003,
    0.00019,
    0.00072,
    0.00109,
    0.00023,
    0.00059,
    0.0006,
    0.00034,
    -0.00041,
    0.00037,
    0.00026,
    0.00011,
    -0.00012,
    0.00041
  ],
  "loss_v": [
    38.07447,
    28.31531,
    35.23539,
    27.07682,
    23.96628,
    14.02271,
    9.71732,
    7.98477,
    40.04641,
    32.8997,
    40.30711,
    56.81553,
    40.8142,
    42.39086,
    51.61678,
    53.03236,
    54.21349,
    54.08356,
    53.90281,
    58.28349,
    57.54879,
    61.04043,
    55.13194,
    59.94546,
    58.49729,
    56.82891,
    55.40002,
    64.61131,
    52.51514,
    44.76293,
    71.06566,
    45.16718,
    54.81725,
    53.79913,
    51.68625,
    59.03468,
    61.91668,
    62.62048,
    59.64783,
    59.51631,
    72.04907,
    57.52027,
    56.4138,
    58.69088,
    61.44305,
    64.49221,
    65.38616,
    61.8326,
    63.23588,
    61.8307,
    58.62923,
    63.54908,
    63.48442,
    63.75794,
    62.15141,
    64.60815,
    64.43933,
    67.95345,
    65.57774,
    63.42166,
    69.85963,
    63.19662,
    62.02203,
    59.24075,
    70.9489,
    57.34039,
    56.18223,
    56.59913,
    56.04979,
    54.87977,
    56.52563,
    49.43889,
    64.08262,
    56.1441,
    51.61567,
    55.16619,
    57.65392,
    58.06523,
    56.40833,
    56.33898,
    55.04945,
    49.94317,
    61.85406,
    54.71833,
    54.3152,
    52.90908,
    53.00813,
    59.67144,
    61.81387,
    63.66212,
    59.62148,
    67.45421,
    79.29855,
    58.1267,
    82.83607,
    57.69531,
    59.55799,
    58.00019
  ],
  "loss_ent": [
    0.68701,
    0.65997,
    0.62346,
    0.59495,
    0.59191,
    0.58545,
    0.58415,
    0.57583,
    0.56876,
    0.5811,
    0.55959,
    0.55129,
    0.57186,
    0.55241,
    0.55154,
    0.54874,
    0.57123,
    0.5647,
    0.56829,
    0.54336,
    0.56858,
    0.54601,
    0.52653,
    0.54414,
    0.55496,
    0.55625,
    0.55224,
    0.51957,
    0.53921,
    0.54209,
    0.54181,
    0.53679,
    0.54507,
    0.54734,
    0.53793,
    0.53196,
    0.52703,
    0.52746,
    0.52825,
    0.53732,
    0.53172,
    0.53817,
    0.53897,
    0.54203,
    0.53072,
    0.54276,
    0.55501,
    0.53578,
    0.55074,
    0.54161,
    0.55094,
    0.54806,
    0.53929,
    0.5499,
    0.51226,
    0.52984,
    0.51287,
    0.51099,
    0.50161,
    0.52111,
    0.50722,
    0.51753,
    0.50558,
    0.49008,
    0.50133,
    0.53153,
    0.52296,
    0.5305,
    0.53273,
    0.52273,
    0.5213,
    0.53331,
    0.54376,
    0.52087,
    0.51216,
    0.52198,
    0.50923,
    0.52985,
    0.52098,
    0.50987,
    0.49102,
    0.52681,
    0.52134,
    0.52521,
    0.52649,
    0.50855,
    0.53033,
    0.51854,
    0.53625,
    0.53803,
    0.51632,
    0.50399,
    0.54306,
    0.52826,
    0.50466,
    0.51191,
    0.51584,
    0.51942
  ],