{
  "frame": [
    2048,
    4096,
    6144,
    8192,
    10240,
    12288,
    14336,
    16384,
    18432,
    20480,
    22528,
    24576,
    26624,
    28672,
    30720,
    32768,
    34816,
    36864,
    38912,
    40960,
    43008,
    45056,
    47104,
    49152,
    51200,
    53248,
    55296,
    57344,
    59392,
    61440,
    63488,
    65536,
    67584,
    69632,
    71680,
    73728,
    75776,
    77824,
    79872,
    81920,
    83968,
    86016,
    88064,
    90112,
    92160,
    94208,
    96256,
    98304,
    100352,
    102400,
    104448,
    106496,
    108544,
    110592,
    112640,
    114688,
    116736,
    118784,
    120832,
    122880,
    124928,
    126976,
    129024,
    131072,
    133120,
    135168,
    137216,
    139264,
    141312,
    143360,
    145408,
    147456,
    149504,
    151552,
    153600,
    155648,
    157696,
    159744,
    161792,
    163840,
    165888,
    167936,
    169984,
    172032,
    174080,
    176128,
    178176,
    180224,
    182272,
    184320,
    186368,
    188416,
    190464,
    192512,
    194560,
    196608,
    198656,
    200704
  ],
  "step": [
    22.83908,
    29.11594,
    73.5,
    129.75,
    162.25,
    234.11111,
    197.0,
    376.66666,
    264.85715,
    488.0,
    424.79999,
    380.25,
    435.71429,
    300.16666,
    423.0,
    500.0,
    500.0,
    500.0,
    500.0,
    479.0,
    500.0,
    500.0,
    500.0,
    454.25,
    500.0,
    411.60001,
    452.25,
    500.0,
    500.0,
    470.39999,
    335.0,
    362.0,
    432.79999,
    500.0,
    500.0,
    500.0,
    500.0,
    500.0,
    500.0,
    452.20001,
    500.0,
    449.0,
    500.0,
    500.0,
    500.0,
    500.0,
    500.0,
    500.0,
    500.0,
    500.0,
    500.0,
    447.25,
    500.0,
    489.0,
    500.0,
    500.0,
    454.79999,
    500.0,
    500.0,
    500.0,
    500.0,
    500.0,
    500.0,
    500.0,
    500.0,
    500.0,
    500.0,
    500.0,
    332.14285,
    500.0,
    500.0,
    494.75,
    416.39999,
    469.0,
    500.0,
    500.0,
    500.0,
    500.0,
    500.0,
    500.0,
    500.0,
    346.0,
    283.75,
    500.0,
    500.0,
    500.0,
    500.0,
    500.0,
    324.83334,
    356.5,
    464.25,
    500.0,
    500.0,
    500.0,
    500.0,
    487.0,
    334.20001,
    500.0
  ],
  "v_value": [
    -2.2442,
    -1.95761,
    8.02485,
    16.52279,
    24.2856,
    29.00373,
    40.51884,
    45.05156,
    48.96307,
    62.87657,
    65.27503,
    72.70077,
    66.0891,
    51.00233,
    66.98543,
    82.70339,
    85.06316,
    64.47423,
    66.12545,
    64.22249,
    70.92982,
    78.84362,
    84.18874,
    86.0155,
    84.94444,
    85.51201,
    88.21222,
    88.75822,
    88.43034,
    83.72588,
    79.24437,
    81.99464,
    83.07408,
    81.91734,
    84.50516,
    80.2201,
    83.45039,
    79.25718,
    66.52566,
    75.0877,
    79.34395,
    82.28157,
    83.27,
    73.73731,
    71.21925,
    75.05794,
    84.00053,
    86.04753,
    86.16256,
    86.30397,
    86.18805,
    85.1276,
    83.72356,
    83.38056,
    86.35897,
    87.21051,
    85.97916,
    85.31843,
    87.43076,
    84.14523,
    74.05003,
    75.24508,
    80.68392,
    88.43604,
    90.09966,
    89.51036,
    85.65554,
    86.28084,
    84.89498,
    85.5497,
    87.83173,
    84.81871,
    83.15125,
    79.74757,
    81.87563,
    81.33624,
    82.60205,
    80.46103,
    82.6801,
    80.84212,
    81.90975,
    80.56414,
    79.73967,
    83.16923,
    85.68599,
    85.25407,
    82.24278,
    82.32039,
    80.13204,
    77.0502,
    80.63914,
    81.94246,
    83.78419,
    81.39821,
    85.13908,
    85.52159,
    82.57841,
    85.07893
  ],
  "loss_p": [
    0.00198,
    0.00371,
    0.00273,
    0.00224,
    0.0018,
    0.00076,
    0.00123,
    0.00066,
    0.00045,
    0.00087,
    0.00113,
    0.00385,
    0.00117,
    0.00277,
    0.00303,
    0.00111,
    6e-05,
    0.0002,
    0.00107,
    0.00044,
    0.0001,
    0.00092,
    0.00014,
    -0.00011,
    0.00031,
    -5e-05,
    0.00044,
    -0.00031,
    0.00042,
    0.00037,
    0.00082,
    0.00043,
    0.0002,
    0.00021,
    -0.00082,
    0.00015,
    0.00011,
    2e-05,
    3e-05,
    0.00055,
    0.00045,
    0.00032,
    0.00049,
    0.00073,
    0.00025,
    0.00075,
    -0.00011,
    -0.0,
    -0.00024,
    -0.00014,
    -0.00042,
    -0.00017,
    0.00059,
    0.00078,
    0.00054,
    -0.00018,
    0.00031,
    8e-05,
    0.00037,
    -0.00013,
    0.00038,
    0.00087,
    0.00076,
    -0.00024,
    -0.0007,
    -0.00014,
    -0.00015,
    0.00013,
    0.00017,
    0.00049,
    2e-05,
    0.00014,
    0.0004,
    0.00059,
    0.00013,
    0.00034,
    0.00032,
    0.00039,
    0.00058,
    2e-05,
    -0.0,
    -0.0,
    0.00042,
    0.00099,
    0.00048,
    -0.00023,
    -0.00038,
    -6e-05,
    0.0001,
    0.00056,
    0.0007,
    0.00033,
    -0.00015,
    0.00094,
    0.00021,
    0.00016,
    0.00054,
    0.00048
  ],
  "loss_v": [
    37.481,
    29.6821,
    34.7122,
    33.38977,
    24.11374,
    8.74052,
    14.45331,
    6.34052,
    10.458,
    16.73392,
    31.42668,
    18.95483,
    37.24566,
    1.87491,
    6.69357,
    50.27699,
    49.9905,
    39.31672,
    10.01549,
    28.49649,
    24.20682,
    39.84071,
    57.99861,
    65.89613,
    54.28237,
    79.93439,
    64.34961,
    66.73051,
    61.54185,
    70.94035,
    69.35499,
    67.7751,
    78.84781,
    50.4459,
    52.9045,
    33.61329,
    43.59783,
    59.78537,
    32.03267,
    45.61726,
    43.30126,
    61.24399,
    53.44028,
    31.52158,
    19.32201,
    24.28825,
    58.67265,
    61.52128,
    60.97498,
    61.21901,
    61.81578,
    60.29549,
    53.48359,
    58.00658,
    63.58105,
    63.59334,
    75.83945,
    57.92521,
    60.36983,
    56.08398,
    38.05168,
    31.26199,
    40.59327,
    57.56155,
    65.185,
    62.36109,
    60.11694,
    59.64499,
    87.42834,
    61.73892,
    63.32972,
    62.00034,
    75.59667,
    44.03617,
    51.74677,
    53.41401,
    51.66457,
    52.54065,
    53.72942,
    46.27499,
    51.87333,
    78.24467,
    95.34627,
    56.05798,
    63.62007,
    61.51374,
    55.07424,
    55.43757,
    75.00996,
    87.91494,
    53.15063,
    52.24458,
    54.30601,
    49.07234,
    67.23285,
    73.90012,
    60.75109,
    59.45743
  ],
  "loss_ent": [
    0.68313,
    0.64882,
    0.6211,
    0.58492,
    0.56447,
    0.56556,
    0.54575,
    0.55713,
    0.57497,
    0.55466,
    0.56373,
    0.54927,
    0.53785,
    0.56391,
    0.5575,
    0.5762,
    0.54532,
    0.58482,
    0.57018,
    0.56861,
    0.57392,
    0.55204,
    0.5631,
    0.53842,
    0.55063,
    0.5474,
    0.53634,
    0.55248,
    0.58052,
    0.54212,
    0.54468,
    0.55256,
    0.55957,
    0.55798,
    0.56624,
    0.56824,
    0.55308,
    0.56379,
    0.57573,
    0.5577,
    0.55476,
    0.54834,
    0.53478,
    0.54534,
    0.54325,
    0.53215,
    0.5391,
    0.5562,
    0.53076,
    0.53996,
    0.5457,
    0.53212,
    0.53448,
    0.50083,
    0.5244,
    0.55346,
    0.54637,
    0.54453,
    0.54027,
    0.5658,
    0.56515,
    0.5517,
    0.56634,
    0.57587,
    0.56825,
    0.55144,
    0.54966,
    0.57578,
    0.54161,
    0.53445,
    0.56548,
    0.51947,
    0.50162,
    0.49268,
    0.54477,
    0.51212,
    0.51605,
    0.534,
    0.55888,
    0.55949,
    0.52091,
    0.5334,
    0.5123,
    0.53691,
    0.51218,
    0.56004,
    0.54282,
    0.54737,
    0.53886,
    0.51098,
    0.52479,
    0.54235,
    0.54666,
    0.55812,
    0.54147,
    0.53638,
    0.53055,
    0.54092
  ],