{
  "frame": [
    2048,
    4096,
    6144,
    8192,
    10240,
    12288,
    14336,
    16384,
    18432,
    20480,
    22528,
    24576,
    26624,
    28672,
    30720,
    32768,
    34816,
    36864,
    38912,
    40960,
    43008,
    45056,
    47104,
    49152,
    51200,
    53248,
    55296,
    57344,
    59392,
    61440,
    63488,
    65536,
    67584,
    69632,
    71680,
    73728,
    75776,
    77824,
    79872,
    81920,
    83968,
    86016,
    88064,
    90112,
    92160,
    94208,
    96256,
    98304,
    100352,
    102400,
    104448,
    106496,
    108544,
    110592,
    112640,
    114688,
    116736,
    118784,
    120832,
    122880,
    124928,
    126976,
    129024,
    131072,
    133120,
    135168,
    137216,
    139264,
    141312,
    143360,
    145408,
    147456,
    149504,
    151552,
    153600,
    155648,
    157696,
    159744,
    161792,
    163840,
    165888,
    167936,
    169984,
    172032,
    174080,
    176128,
    178176,
    180224,
    182272,
    184320,
    186368,
    188416,
    190464,
    192512,
    194560,
    196608,
    198656,
    200704
  ],
  "step": [
    24.4,
    39.30769,
    62.18182,
    99.36842,
    165.63637,
    191.90909,
    290.57144,
    287.33334,
    390.20001,
    500.0,
    500.0,
    500.0,
    489.0,
    500.0,
    500.0,
    500.0,
    500.0,
    500.0,
    418.39999,
    500.0,
    500.0,
    500.0,
    500.0,
    500.0,
    500.0,
    500.0,
    500.0,
    500.0,
    500.0,
    500.0,
    500.0,
    500.0,
    500.0,
    500.0,
    500.0,
    424.5,
    500.0,
    500.0,
    500.0,
    500.0,
    500.0,
    500.0,
    500.0,
    500.0,
    500.0,
    500.0,
    500.0,
    500.0,
    500.0,
    500.0,
    500.0,
    500.0,
    500.0,
    500.0,
    500.0,
    500.0,
    500.0,
    500.0,
    500.0,
    500.0,
    500.0,
    500.0,
    500.0,
    423.60001,
    500.0,
    500.0,
    500.0,
    500.0,
    500.0,
    500.0,
    500.0,
    500.0,
    500.0,
    500.0,
    500.0,
    500.0,
    500.0,
    500.0,
    500.0,
    500.0,
    500.0,
    500.0,
    500.0,
    500.0,
    500.0,
    500.0,
    500.0,
    500.0,
    419.0,
    354.16666,
    445.39999,
    416.0,
    500.0,
    500.0,
    500.0,
    500.0,
    500.0,
    500.0
  ],
  "v_value": [
    -0.80572,
    3.00305,
    10.57629,
    17.20221,
    23.82145,
    29.89546,
    36.77007,
    44.70826,
    54.12901,
    60.14352,
    69.91483,
    69.56194,
    69.599,
    83.06499,
    83.98772,
    78.2186,
    79.24951,
    79.75949,
    84.85565,
    84.755,
    85.59049,
    84.09985,
    81.32991,
    85.44566,
    88.88957,
    84.31672,
    84.99901,
    84.63786,
    85.93107,
    82.44088,
    82.00887,
    83.81942,
    83.73132,
    85.70193,
    83.88222,
    83.38363,
    83.93384,
    79.19712,
    81.12131,
    83.43642,
    81.52814,
    83.94897,
    84.53146,
    78.98468,
    81.36226,
    81.62181,
    82.27482,
    81.95,
    81.78383,
    81.29174,
    81.77657,
    82.01408,
    83.03282,
    82.16612,
    82.6848,
    84.74289,
    86.44024,
    85.4019,
    86.93225,
    86.45618,
    84.81107,
    82.90508,
    85.43259,
    85.42821,
    83.46928,
    83.0509,
    85.66427,
    85.18447,
    86.3477,
    86.29726,
    84.37645,
    86.11665,
    87.94859,
    86.14719,
    85.79231,
    85.13871,
    84.04128,
    82.85063,
    84.85465,
    85.05257,
    85.21632,
    84.90343,
    83.37321,
    83.90904,
    83.01308,
    82.28632,
    81.40067,
    80.86772,
    81.29295,
    79.09647,
    80.24936,
    80.69926,
    82.91348,
    84.52955,
    85.16463,
    84.36384,
    82.8176,
    80.52283
  ],
  "loss_p": [
    0.00217,
    0.00281,
    0.00228,
    0.00194,
    0.00154,
    0.00246,
    0.00205,
    0.00277,
    0.00303,
    0.00091,
    4e-05,
    0.00095,
    0.00084,
    -0.00071,
    4e-05,
    0.00071,
    0.00118,
    -0.00014,
    0.00062,
    0.0002,
    -0.00028,
    -0.0003,
    0.00155,
    0.00055,
    -0.00066,
    0.00052,
    0.00033,
    0.00064,
    0.00039,
    0.00024,
    0.00086,
    9e-05,
    -0.0002,
    -0.00038,
    0.00143,
    0.00045,
    3e-05,
    0.00013,
    0.00186,
    0.001,
    0.0003,
    -0.00013,
    0.00026,
    0.00095,
    0.00311,
    0.00312,
    0.00115,
    -0.00058,
    0.00012,
    -0.00066,
    5e-05,
    0.00022,
    -0.00012,
    -0.00023,
    -0.0002,
    0.00013,
    0.00056,
    0.00068,
    0.00041,
    -2e-05,
    -5e-05,
    0.00014,
    0.00028,
    -5e-05,
    -2e-05,
    0.00042,
    -8e-05,
    -0.00036,
    0.00042,
    0.00022,
    0.00016,
    -0.00025,
    -0.00012,
    0.0001,
    0.00023,
    0.00089,
    8e-05,
    -0.00029,
    0.00057,
    0.00045,
    -0.0004,
    -7e-05,
    0.00018,
    -0.00031,
    0.00089,
    -0.00074,
    0.00021,
    0.0004,
    0.00016,
    0.00078,
    0.00032,
    0.00038,
    0.00024,
    -0.0001,
    0.00027,
    0.00034,
    -2e-05,
    -0.00011
  ],
  "loss_v": [
    44.38838,
    39.509,
    44.06385,
    33.86442,
    22.04628,
    8.75454,
    5.40376,
    3.21858,
    7.32129,
    14.53777,
    23.26859,
    20.80398,
    22.19419,
    53.56887,
    53.32312,
    44.18325,
    34.02177,
    38.6867,
    54.45833,
    50.86955,
    42.27446,
    55.5068,
    36.9247,
    45.96574,
    64.80165,
    52.84439,
    51.92802,
    63.82612,
    53.79662,
    44.93441,
    58.96813,
    50.92075,
    67.68832,
    60.60088,
    58.69855,
    54.26131,
    58.50953,
    53.06459,
    51.67812,
    54.5566,
    56.63693,
    53.75547,
    58.08534,
    46.67899,
    56.5765,
    52.37682,
    56.20164,
    56.11852,
    56.15482,
    54.45599,
    55.62862,
    55.41211,
    57.34605,
    55.64351,
    55.07175,
    57.04786,
    62.28286,
    59.96915,
    62.58794,
    60.65181,
    58.93319,
    57.18185,
    60.06012,
    68.47847,
    56.16943,
    56.72313,
    60.93632,
    59.08389,
    59.93992,
    59.47158,
    59.20941,
    59.41366,
    71.90731,
    60.87294,
    70.10201,
    59.83052,
    59.0465,
    56.42714,
    59.90488,
    59.66077,
    60.56946,
    57.53895,
    58.32299,
    58.1668,
    55.92982,
    65.35759,
    53.87899,
    52.38847,
    59.37385,
    68.50642,
    64.70786,
    76.14062,
    58.03471,
    56.4495,
    59.99824,
    59.64032,
    53.81322,
    52.76802
  ],
  "loss_ent": [
    0.67814,
    0.65347,
    0.61833,
    0.5833,
    0.56108,
    0.54832,
    0.54706,
    0.54819,
    0.52354,
    0.55079,
    0.52697,
    0.53967,
    0.51621,
    0.50745,
    0.51947,
    0.5133,
    0.53942,
    0.54204,
    0.51697,
    0.51948,
    0.51807,
    0.52421,
    0.51927,
    0.52201,
    0.53783,
    0.53517,
    0.51866,
    0.52746,
    0.54913,
    0.52555,
    0.51329,
    0.49601,
    0.51034,
    0.54685,
    0.51884,
    0.49704,
    0.50065,
    0.5071,
    0.50856,
    0.51429,
    0.47896,
    0.48535,
    0.46831,
    0.48141,
    0.46682,
    0.47522,
    0.46619,
    0.44878,
    0.445,
    0.42112,
    0.43347,
    0.4443,
    0.45704,
    0.4506,
    0.45769,
    0.46051,
    0.45985,
    0.45745,
    0.49247,
    0.48417,
    0.50771,
    0.51579,
    0.53584,
    0.53286,
    0.52325,
    0.50766,
    0.48827,
    0.49615,
    0.5071,
    0.50881,
    0.514,
    0.51969,
    0.52672,
    0.49692,
    0.51481,
    0.50597,
    0.50324,
    0.4795,
    0.50059,
    0.47842,
    0.5007,
    0.49056,
    0.52799,
    0.52725,
    0.51462,
    0.5441,
    0.54052,
    0.53986,
    0.52764,
    0.52138,
    0.53235,
    0.52367,
    0.53161,
    0.50372,
    0.52202,
    0.49397,
    0.51846,
    0.53598
  ],