{
  "frame": [
    2048,
    4096,
    6144,
    8192,
    10240,
    12288,
    14336,
    16384,
    18432,
    20480,
    22528,
    24576,
    26624,
    28672,
    30720,
    32768,
    34816,
    36864,
    38912,
    40960,
    43008,
    45056,
    47104,
    49152,
    51200,
    53248,
    55296,
    57344,
    59392,
    61440,
    63488,
    65536,
    67584,
    69632,
    71680,
    73728,
    75776,
    77824,
    79872,
    81920,
    83968,
    86016,
    88064,
    90112,
    92160,
    94208,
    96256,
    98304,
    100352,
    102400,
    104448,
    106496,
    108544,
    110592,
    112640,
    114688,
    116736,
    118784,
    120832,
    122880,
    124928,
    126976,
    129024,
    131072,
    133120,
    135168,
    137216,
    139264,
    141312,
    143360,
    145408,
    147456,
    149504,
    151552,
    153600,
    155648,
    157696,
    159744,
    161792,
    163840,
    165888,
    167936,
    169984,
    172032,
    174080,
    176128,
    178176,
    180224,
    182272,
    184320,
    186368,
    188416,
    190464,
    192512,
    194560,
    196608,
    198656,
    200704
  ],
  "step": [
    21.8913,
    34.49123,
    58.94286,
    125.92857,
    123.9375,
    160.64285,
    261.57144,
    283.16666,
    441.25,
    462.5,
    500.0,
    500.0,
    500.0,
    500.0,
    500.0,
    500.0,
    500.0,
    500.0,
    500.0,
    500.0,
    500.0,
    500.0,
    500.0,
    500.0,
    500.0,
    500.0,
    426.75,
    500.0,
    500.0,
    500.0,
    500.0,
    500.0,
    469.25,
    378.39999,
    500.0,
    500.0,
    500.0,
    500.0,
    500.0,
    500.0,
    500.0,
    500.0,
    500.0,
    500.0,
    500.0,
    500.0,
    500.0,
    485.25,
    500.0,
    500.0,
    500.0,
    402.5,
    500.0,
    500.0,
    500.0,
    500.0,
    500.0,
    500.0,
    456.75,
    500.0,
    500.0,
    500.0,
    500.0,
    500.0,
    500.0,
    441.0,
    454.79999,
    500.0,
    500.0,
    461.79999,
    423.5,
    500.0,
    500.0,
    500.0,
    500.0,
    500.0,
    500.0,
    500.0,
    500.0,
    500.0,
    500.0,
    500.0,
    500.0,
    500.0,
    500.0,
    500.0,
    500.0,
    500.0,
    500.0,
    500.0,
    500.0,
    500.0,
    500.0,
    459.0,
    500.0,
    500.0,
    500.0,
    500.0
  ],
  "v_value": [
    -1.23373,
    0.63922,
    7.10765,
    16.84256,
    23.17078,
    28.348,
    35.3699,
    49.10287,
    56.60912,
    60.98293,
    69.65596,
    72.5219,
    74.6919,
    76.66985,
    78.6233,
    79.47309,
    75.53815,
    72.62564,
    84.02946,
    82.53209,
    83.21895,
    83.75992,
    77.24565,
    80.07033,
    82.99138,
    81.78021,
    80.44006,
    81.32102,
    81.71053,
    75.14946,
    76.49374,
    80.30573,
    82.02385,
    83.86943,
    83.57702,
    83.16043,
    87.14394,
    89.40086,
    86.86446,
    87.66743,
    91.65312,
    90.343,
    90.25715,
    90.90244,
    90.07759,
    89.8727,
    88.42311,
    85.62392,
    84.67133,
    80.83974,
    83.908,
    80.46188,
    81.31297,
    80.80007,
    82.54265,
    88.47787,
    90.20625,
    91.1284,
    87.99118,
    87.49638,
    86.66048,
    85.21925,
    83.76536,
    84.98441,
    84.69112,
    87.65919,
    89.01218,
    89.12737,
    88.56232,
    85.67717,
    80.54758,
    82.77494,
    85.53448,
    85.5951,
    85.60166,
    85.36374,
    84.99179,
    84.08945,
    83.61635,
    83.28613,
    83.34935,
    83.09721,
    83.12373,
    83.73668,
    85.2326,
    84.67326,
    84.84218,
    84.64906,
    84.56416,
    84.70796,
    85.39034,
    86.32114,
    85.97602,
    85.11723,
    85.41489,
    85.08699,
    83.4632,
    83.45442
  ],
  "loss_p": [
    0.00258,
    0.00388,
    0.00311,
    0.00192,
    0.00139,
    0.00203,
    0.00546,
    0.00069,
    0.00087,
    0.00086,
    0.00049,
    0.00038,
    -4e-05,
    0.00033,
    5e-05,
    -0.00046,
    0.00167,
    0.00137,
    -0.00058,
    0.00111,
    0.00022,
    1e-05,
    0.00033,
    0.00071,
    0.00043,
    -0.00027,
    0.00027,
    0.00068,
    0.00121,
    0.00041,
    -0.00034,
    0.00037,
    0.0001,
    0.00015,
    0.00026,
    0.00099,
    0.0016,
    0.00014,
    0.00043,
    0.00122,
    -3e-05,
    0.00074,
    0.00069,
    0.00049,
    -0.00033,
    0.00071,
    8e-05,
    1e-05,
    0.00021,
    0.00028,
    4e-05,
    0.00058,
    0.00051,
    0.00087,
    0.00019,
    0.00012,
    0.00024,
    -0.00016,
    -6e-05,
    -0.0005,
    -0.00038,
    -6e-05,
    0.00036,
    -0.00012,
    0.0009,
    -1e-05,
    -4e-05,
    0.00013,
    -0.00033,
    0.00022,
    0.00036,
    0.00101,
    0.00014,
    0.0002,
    -0.00063,
    -9e-05,
    -0.00089,
    -0.0006,
    0.0001,
    -0.00037,
    -4e-05,
    -0.00028,
    -0.00025,
    0.00013,
    0.00021,
    0.00024,
    0.00048,
    -0.00012,
    0.00035,
    0.00031,
    -0.00018,
    -0.00045,
    -2e-05,
    0.00029,
    0.00043,
    0.00054,
    0.00016,
    0.00011
  ],
  "loss_v": [
    42.35345,
    36.97203,
    37.0103,
    26.71855,
    23.38303,
    21.41683,
    8.76738,
    16.67833,
    19.00116,
    21.20044,
    32.73544,
    49.28259,
    35.52247,
    47.26496,
    47.22066,
    47.76307,
    42.68828,
    26.88218,
    55.51225,
    49.05035,
    52.62666,
    52.72608,
    43.61598,
    50.37799,
    67.48112,
    55.32536,
    56.14251,
    52.80981,
    63.08489,
    25.03818,
    33.21403,
    50.33762,
    42.12085,
    66.80562,
    52.66924,
    55.37694,
    58.07748,
    63.94259,
    60.50767,
    53.84214,
    66.84554,
    68.89911,
    64.28023,
    68.84888,
    66.55384,
    65.34772,
    86.16914,
    50.71904,
    55.15685,
    50.48331,
    53.63001,
    50.11706,
    52.59096,
    49.96927,
    44.65086,
    53.73115,
    64.98854,
    80.17232,
    54.17831,
    63.08132,
    62.03209,
    60.53569,
    52.65386,
    60.33463,
    56.09435,
    59.15723,
    79.03501,
    64.80232,
    64.55193,
    56.69539,
    79.42778,
    52.63609,
    56.32294,
    59.5586,
    61.52314,
    60.29377,
    60.40519,
    58.30535,
    58.34431,
    57.56423,
    57.91854,
    57.35187,
    56.85728,
    56.94481,
    59.97003,
    49.17734,
    61.19193,
    59.30205,
    58.9044,
    60.15997,
    60.40528,
    61.10109,
    61.61768,
    71.80806,
    57.7951,
    71.37917,
    55.48765,
    57.34558
  ],
  "loss_ent": [
    0.68652,
    0.64985,
    0.60426,
    0.58508,
    0.57875,
    0.56969,
    0.57915,
    0.56817,
    0.54772,
    0.54166,
    0.5326,
    0.52054,
    0.53151,
    0.55397,
    0.5498,
    0.53427,
    0.52242,
    0.51245,
    0.516,
    0.51428,
    0.5151,
    0.54269,
    0.53279,
    0.52816,
    0.52387,
    0.53259,
    0.51894,
    0.52501,
    0.51113,
    0.51549,
    0.53018,
    0.53029,
    0.50583,
    0.48853,
    0.5275,
    0.50717,
    0.52763,
    0.49699,
    0.50039,
    0.51859,
    0.53193,
    0.52237,
    0.52821,
    0.52398,
    0.50586,
    0.50102,
    0.49974,
    0.46781,
    0.49871,
    0.48759,
    0.48797,
    0.51159,
    0.51733,
    0.49172,
    0.49378,
    0.48144,
    0.50235,
    0.5095,
    0.50693,
    0.50378,
    0.50744,
    0.52301,
    0.50626,
    0.54296,
    0.51064,
    0.47261,
    0.46845,
    0.47526,
    0.50457,
    0.46083,
    0.49815,
    0.49028,
    0.4937,
    0.51179,
    0.52154,
    0.50457,
    0.49394,
    0.5258,
    0.4968,
    0.491,
    0.48321,
    0.51507,
    0.53706,
    0.54268,
    0.53444,
    0.51654,
    0.52305,
    0.53054,
    0.53203,
    0.54668,
    0.51773,
    0.52262,
    0.5324,
    0.51783,
    0.52182,
    0.50303,
    0.51665,
    0.53413
  ],