{
  "frame": [
    2048,
    4096,
    6144,
    8192,
    10240,
    12288,
    14336,
    16384,
    18432,
    20480,
    22528,
    24576,
    26624,
    28672,
    30720,
    32768,
    34816,
    36864,
    38912,
    40960,
    43008,
    45056,
    47104,
    49152,
    51200,
    53248,
    55296,
    57344,
    59392,
    61440,
    63488,
    65536,
    67584,
    69632,
    71680,
    73728,
    75776,
    77824,
    79872,
    81920,
    83968,
    86016,
    88064,
    90112,
    92160,
    94208,
    96256,
    98304,
    100352,
    102400,
    104448,
    106496,
    108544,
    110592,
    112640,
    114688,
    116736,
    118784,
    120832,
    122880,
    124928,
    126976,
    129024,
    131072,
    133120,
    135168,
    137216,
    139264,
    141312,
    143360,
    145408,
    147456,
    149504,
    151552,
    153600,
    155648,
    157696,
    159744,
    161792,
    163840,
    165888,
    167936,
    169984,
    172032,
    174080,
    176128,
    178176,
    180224,
    182272,
    184320,
    186368,
    188416,
    190464,
    192512,
    194560,
    196608,
    198656,
    200704
  ],
  "step": [
    21.11579,
    33.76271,
    64.58064,
    99.0,
    156.35715,
    311.79999,
    344.83334,
    277.5,
    338.33334,
    422.0,
    500.0,
    319.83334,
    500.0,
    436.25,
    480.0,
    500.0,
    464.0,
    500.0,
    500.0,
    440.39999,
    500.0,
    437.25,
    451.5,
    500.0,
    500.0,
    452.0,
    500.0,
    500.0,
    500.0,
    500.0,
    500.0,
    500.0,
    500.0,
    500.0,
    500.0,
    500.0,
    466.60001,
    500.0,
    500.0,
    500.0,
    500.0,
    500.0,
    426.25,
    500.0,
    500.0,
    500.0,
    500.0,
    500.0,
    500.0,
    500.0,
    500.0,
    500.0,
    500.0,
    500.0,
    500.0,
    500.0,
    500.0,
    407.20001,
    473.0,
    500.0,
    500.0,
    500.0,
    500.0,
    500.0,
    500.0,
    500.0,
    341.25,
    327.83334,
    500.0,
    500.0,
    500.0,
    433.60001,
    500.0,
    500.0,
    500.0,
    500.0,
    500.0,
    500.0,
    500.0,
    500.0,
    500.0,
    500.0,
    500.0,
    500.0,
    500.0,
    500.0,
    500.0,
    500.0,
    500.0,
    500.0,
    500.0,
    500.0,
    500.0,
    500.0,
    500.0,
    500.0,
    500.0,
    500.0
  ],
  "v_value": [
    -2.52877,
    -1.11089,
    8.10855,
    16.54074,
    24.33801,
    34.49802,
    41.1152,
    43.07061,
    49.10844,
    59.97507,
    71.1387,
    70.90169,
    71.33557,
    72.65536,
    75.11612,
    78.22636,
    69.22041,
    72.51376,
    74.72997,
    80.51897,
    81.48329,
    84.70275,
    84.62897,
    83.25979,
    88.87508,
    90.32349,
    90.864,
    90.31034,
    86.73266,
    87.39243,
    88.67989,
    89.47741,
    88.08396,
    86.16133,
    84.21737,
    83.93797,
    84.26859,
    83.4422,
    84.05057,
    82.9099,
    82.38756,
    82.35197,
    81.86549,
    82.04083,
    83.60873,
    83.49791,
    83.58666,
    83.29955,
    86.50081,
    86.65977,
    86.38585,
    88.27991,
    83.16378,
    86.43368,
    85.38168,
    85.48793,
    85.18659,
    82.35963,
    81.41119,
    84.61897,
    85.07579,
    83.847,
    83.60036,
    81.68983,
    80.10382,
    79.55559,
    78.47237,
    78.92738,
    81.59341,
    82.82454,
    83.23631,
    81.93087,
    82.98848,
    83.13029,
    83.73716,
    83.38423,
    83.44696,
    83.41438,
    83.87633,
    83.22884,
    82.80284,
    83.69472,
    84.57186,
    86.32925,
    86.90694,
    84.52924,
    85.54247,
    84.52281,
    84.97251,
    84.69955,
    85.10555,
    85.58243,
    84.66989,
    83.30295,
    80.75591,
    82.86439,
    83.72958,
    84.34434
  ],
  "loss_p": [
    0.00282,
    0.00395,
    0.00258,
    0.00206,
    0.00127,
    0.00258,
    0.00037,
    0.00158,
    0.00215,
    0.0023,
    0.00107,
    6e-05,
    0.00026,
    0.0005,
    -0.00018,
    2e-05,
    0.00053,
    0.00058,
    0.00149,
    0.00036,
    0.00011,
    -3e-05,
    0.00021,
    0.00027,
    -7e-05,
    -0.00032,
    0.00032,
    0.00046,
    0.00054,
    0.00035,
    -0.00017,
    -0.00036,
    -1e-05,
    -0.00033,
    5e-05,
    0.00065,
    0.00021,
    0.00038,
    0.00107,
    -0.0003,
    0.00014,
    -0.00048,
    -0.00047,
    0.0004,
    -2e-05,
    -0.00023,
    8e-05,
    0.00116,
    -0.00024,
    -0.00078,
    0.00055,
    0.0,
    0.00048,
    -0.00036,
    -0.00037,
    -0.00034,
    -0.00018,
    3e-05,
    0.00073,
    0.00034,
    -0.00023,
    -7e-05,
    0.00017,
    0.00091,
    8e-05,
    0.00041,
    8e-05,
    0.00065,
    0.00044,
    8e-05,
    -9e-05,
    0.0003,
    0.00031,
    -0.00079,
    -0.00038,
    -0.00062,
    0.00062,
    0.00048,
    0.00028,
    -0.00027,
    -0.00012,
    0.0002,
    -0.00049,
    4e-05,
    -0.00022,
    -4e-05,
    0.00071,
    0.00031,
    -0.00047,
    0.00083,
    5e-05,
    -0.0001,
    -0.00047,
    -0.0004,
    0.00016,
    0.00071,
    0.00055,
    -0.00016
  ],
  "loss_v": [
    36.29815,
    37.24291,
    39.9258,
    40.50074,
    31.38562,
    8.29539,
    11.44805,
    24.58688,
    20.74597,
    14.94295,
    37.25448,
    57.73458,
    45.34158,
    45.80177,
    33.28173,
    44.07454,
    25.6611,
    25.5703,
    30.51166,
    48.59884,
    48.38257,
    64.89607,
    51.27343,
    47.48537,
    65.17852,
    63.27617,
    68.74239,
    61.95386,
    54.52249,
    42.14218,
    72.1554,
    65.04964,
    65.03067,
    61.93659,
    56.32969,
    58.28188,
    84.21771,
    57.3613,
    58.9403,
    52.27184,
    59.7137,
    56.1752,
    55.31977,
    54.52026,
    56.89993,
    57.90797,
    49.61805,
    50.63059,
    62.08031,
    54.86304,
    58.84082,
    58.6426,
    59.40668,
    61.57308,
    60.02825,
    69.67895,
    58.00832,
    54.61716,
    66.2361,
    59.35633,
    60.06578,
    56.11239,
    64.80866,
    55.01863,
    53.56071,
    51.92058,
    59.4329,
    87.89238,
    52.8794,
    55.52952,
    58.00899,
    71.89479,
    63.39354,
    55.90291,
    58.41022,
    56.25145,
    56.23481,
    56.62549,
    58.19627,
    56.62648,
    54.46373,
    56.05277,
    58.31857,
    58.40133,
    65.61926,
    59.11084,
    60.88724,
    55.58749,
    60.61254,
    58.71197,
    56.94712,
    56.01106,
    58.36651,
    65.46414,
    52.31621,
    57.76441,
    59.17095,
    57.94053
  ],
  "loss_ent": [
    0.68117,
    0.64466,
    0.61163,
    0.59248,
    0.57275,
    0.55613,
    0.56084,
    0.56519,
    0.55473,
    0.55699,
    0.57177,
    0.55936,
    0.56929,
    0.5552,
    0.56444,
    0.56065,
    0.55663,
    0.56722,
    0.55836,
    0.55385,
    0.55412,
    0.55651,
    0.54653,
    0.54703,
    0.56908,
    0.55739,
    0.52501,
    0.56413,
    0.5537,
    0.52576,
    0.54556,
    0.5648,
    0.5767,
    0.55159,
    0.54479,
    0.55404,
    0.55741,
    0.553,
    0.5488,
    0.54214,
    0.53691,
    0.56145,
    0.56029,
    0.56279,
    0.55729,
    0.54721,
    0.54776,
    0.5407,
    0.53193,
    0.54469,
    0.54314,
    0.55317,
    0.54043,
    0.54702,
    0.53755,
    0.55095,
    0.5589,
    0.54687,
    0.52525,
    0.53367,
    0.53507,
    0.55463,
    0.54347,
    0.53604,
    0.52843,
    0.53252,
    0.44212,
    0.47264,
    0.5147,
    0.51329,
    0.52557,
    0.5032,
    0.51309,
    0.53004,
    0.53931,
    0.53108,
    0.52502,
    0.54091,
    0.52949,
    0.51234,
    0.52079,
    0.53599,
    0.53208,
    0.50426,
    0.54167,
    0.5317,
    0.52722,
    0.52233,
    0.51401,
    0.49768,
    0.49621,
    0.48761,
    0.4918,
    0.49753,
    0.4909,
    0.51103,
    0.50892,
    0.51442
  ],