{
  "frame": [
    2048,
    4096,
    6144,
    8192,
    10240,
    12288,
    14336,
    16384,
    18432,
    20480,
    22528,
    24576,
    26624,
    28672,
    30720,
    32768,
    34816,
    36864,
    38912,
    40960,
    43008,
    45056,
    47104,
    49152,
    51200,
    53248,
    55296,
    57344,
    59392,
    61440,
    63488,
    65536,
    67584,
    69632,
    71680,
    73728,
    75776,
    77824,
    79872,
    81920,
    83968,
    86016,
    88064,
    90112,
    92160,
    94208,
    96256,
    98304,
    100352,
    102400,
    104448,
    106496,
    108544,
    110592,
    112640,
    114688,
    116736,
    118784,
    120832,
    122880,
    124928,
    126976,
    129024,
    131072,
    133120,
    135168,
    137216,
    139264,
    141312,
    143360,
    145408,
    147456,
    149504,
    151552,
    153600,
    155648,
    157696,
    159744,
    161792,
    163840,
    165888,
    167936,
    169984,
    172032,
    174080,
    176128,
    178176,
    180224,
    182272,
    184320,
    186368,
    188416,
    190464,
    192512,
    194560,
    196608,
    198656,
    200704
  ],
  "step": [
    19.81818,
    30.26087,
    43.44681,
    99.05556,
    150.08333,
    213.7,
    225.44444,
    360.60001,
    420.20001,
    446.5,
    500.0,
    500.0,
    492.25,
    500.0,
    500.0,
    500.0,
    500.0,
    492.75,
    433.20001,
    500.0,
    500.0,
    411.79999,
    500.0,
    500.0,
    500.0,
    500.0,
    500.0,
    445.60001,
    500.0,
    500.0,
    500.0,
    500.0,
    500.0,
    500.0,
    430.0,
    486.75,
    478.20001,
    500.0,
    500.0,
    500.0,
    500.0,
    407.0,
    235.39999,
    291.0,
    398.79999,
    437.60001,
    500.0,
    500.0,
    500.0,
    500.0,
    500.0,
    500.0,
    500.0,
    500.0,
    500.0,
    500.0,
    479.75,
    500.0,
    500.0,
    500.0,
    500.0,
    446.20001,
    500.0,
    500.0,
    500.0,
    500.0,
    500.0,
    500.0,
    500.0,
    500.0,
    500.0,
    500.0,
    500.0,
    500.0,
    500.0,
    500.0,
    500.0,
    500.0,
    500.0,
    500.0,
    500.0,
    500.0,
    500.0,
    500.0,
    500.0,
    500.0,
    500.0,
    500.0,
    500.0,
    500.0,
    500.0,
    500.0,
    500.0,
    500.0,
    500.0,
    500.0,
    500.0,
    432.39999
  ],
  "v_value": [
    -2.92027,
    -2.61872,
    2.47869,
    13.78,
    23.11776,
    28.65524,
    38.1186,
    47.66874,
    50.16775,
    57.64254,
    68.55788,
    73.8817,
    65.31543,
    69.3624,
    83.46284,
    81.57033,
    83.17567,
    82.2052,
    77.83791,
    80.32878,
    83.71376,
    83.38957,
    81.61348,
    84.7169,
    88.48567,
    87.06219,
    86.5806,
    85.74458,
    84.74464,
    81.99165,
    82.89936,
    88.5733,
    87.04803,
    86.90955,
    87.58233,
    84.77535,
    86.12483,
    85.75621,
    85.976,
    85.58978,
    86.7948,
    84.05395,
    78.58384,
    77.93137,
    77.56705,
    79.742,
    81.77689,
    83.0869,
    83.95883,
    84.62718,
    85.54552,
    85.93947,
    85.89375,
    83.83479,
    85.24833,
    87.07197,
    87.53268,
    86.13063,
    87.1855,
    85.74126,
    83.45207,
    80.51424,
    79.68369,
    81.7071,
    81.65596,
    81.13042,
    81.23122,
    81.2048,
    81.59658,
    75.34703,
    80.39494,
    82.3276,
    84.66087,
    84.33624,
    83.60451,
    83.63655,
    82.58955,
    82.67085,
    82.87262,
    81.71303,
    82.17441,
    82.37743,
    84.17325,
    84.4929,
    84.02199,
    82.26884,
    83.11794,
    83.47758,
    83.49825,
    82.29301,
    83.21577,
    83.37997,
    82.50847,
    81.54008,
    82.35151,
    81.78335,
    84.20964,
    83.71016
  ],
  "loss_p": [
    0.00191,
    0.00432,
    0.00336,
    0.00239,
    0.00177,
    0.00092,
    0.00106,
    0.00102,
    0.00187,
    0.00175,
    -0.00048,
    -2e-05,
    0.00111,
    0.00235,
    -0.00052,
    -0.00033,
    -0.0005,
    0.00043,
    0.0005,
    0.00124,
    0.00052,
    0.00022,
    0.00153,
    0.00089,
    -0.0001,
    0.00021,
    0.00039,
    0.00011,
    0.00043,
    0.00066,
    0.00125,
    0.00012,
    0.00013,
    1e-05,
    0.00013,
    0.00038,
    -9e-05,
    0.00036,
    0.00014,
    -0.0002,
    0.00015,
    -3e-05,
    0.00068,
    0.00099,
    0.00056,
    0.00084,
    0.00097,
    0.00016,
    0.00037,
    -0.00101,
    -0.00016,
    -0.00011,
    -0.00059,
    0.00114,
    0.00038,
    -0.00014,
    0.00027,
    5e-05,
    -0.00011,
    -0.00037,
    0.00043,
    -2e-05,
    0.0,
    0.00012,
    0.0002,
    0.00022,
    0.00013,
    0.0001,
    1e-05,
    0.00077,
    0.00055,
    0.00149,
    -0.00047,
    0.00038,
    -0.00016,
    -0.00061,
    -4e-05,
    -0.00011,
    -0.00019,
    0.00028,
    0.00025,
    0.00146,
    0.00055,
    -0.00024,
    -0.00041,
    0.00074,
    -1e-05,
    0.00043,
    4e-05,
    0.00036,
    -0.00019,
    -9e-05,
    -0.00038,
    0.00028,
    0.00051,
    0.00029,
    0.00025,
    -0.00013
  ],
  "loss_v": [
    35.591,
    33.55943,
    37.71226,
    34.38949,
    26.87108,
    18.72268,
    19.67593,
    14.08644,
    11.34297,
    12.42874,
    29.59586,
    42.33424,
    28.59975,
    14.93093,
    53.9432,
    48.72823,
    54.51835,
    41.76102,
    67.06076,
    40.9608,
    56.15798,
    69.51297,
    52.27456,
    45.55202,
    68.7872,
    64.07468,
    55.72171,
    73.34683,
    56.82067,
    47.45027,
    47.25219,
    66.38872,
    60.52509,
    59.97445,
    64.47928,
    67.92232,
    76.86567,
    60.96022,
    62.48763,
    57.05605,
    61.97698,
    77.4615,
    129.37794,
    90.05071,
    67.76699,
    66.76199,
    56.33615,
    57.7253,
    56.23058,
    58.00994,
    58.16445,
    60.75145,
    59.75843,
    57.02797,
    60.33858,
    62.08914,
    62.11211,
    61.86829,
    61.24063,
    85.03078,
    54.71923,
    63.1509,
    49.26233,
    53.33455,
    54.47488,
    55.47145,
    54.83221,
    54.93281,
    53.94032,
    46.00086,
    52.58907,
    54.94099,
    57.73809,
    68.14076,
    57.82878,
    57.55817,
    56.75083,
    56.44545,
    55.18591,
    55.66863,
    54.34578,
    51.08138,
    58.76869,
    59.70562,
    57.08884,
    54.78627,
    54.73258,
    55.44416,
    59.13562,
    55.18795,
    57.69902,
    57.45515,
    53.98456,
    54.57396,
    55.52537,
    51.64399,
    56.46555,
    70.86964
  ],
  "loss_ent": [
    0.69044,
    0.66071,
    0.61999,
    0.59002,
    0.57298,
    0.57353,
    0.56101,
    0.53899,
    0.54888,
    0.54824,
    0.54488,
    0.5273,
    0.54514,
    0.53913,
    0.56463,
    0.54615,
    0.56218,
    0.55145,
    0.55396,
    0.544,
    0.57999,
    0.54604,
    0.55831,
    0.54602,
    0.54829,
    0.53046,
    0.56657,
    0.53843,
    0.53382,
    0.55152,
    0.54258,
    0.57409,
    0.56399,
    0.57585,
    0.55882,
    0.523,
    0.56133,
    0.5508,
    0.54386,
    0.57371,
    0.56357,
    0.57048,
    0.54193,
    0.53906,
    0.53493,
    0.54441,
    0.54746,
    0.53269,
    0.53608,
    0.55169,
    0.52498,
    0.52387,
    0.54024,
    0.53806,
    0.53917,
    0.54359,
    0.51331,
    0.53689,
    0.54281,
    0.51558,
    0.5305,
    0.51488,
    0.51058,
    0.52983,
    0.514,
    0.49938,
    0.52341,
    0.51163,
    0.52974,
    0.52217,
    0.51976,
    0.52996,
    0.51766,
    0.50259,
    0.51851,
    0.53211,
    0.538,
    0.53915,
    0.54671,
    0.5243,
    0.52881,
    0.52705,
    0.52219,
    0.53678,
    0.52225,
    0.52364,
    0.53078,
    0.52276,
    0.53774,
    0.53585,
    0.53815,
    0.53037,
    0.5501,
    0.54845,
    0.55918,
    0.54373,
    0.56032,
    0.57429
  ],