{
  "frame": [
    2048,
    4096,
    6144,
    8192,
    10240,
    12288,
    14336,
    16384,
    18432,
    20480,
    22528,
    24576,
    26624,
    28672,
    30720,
    32768,
    34816,
    36864,
    38912,
    40960,
    43008,
    45056,
    47104,
    49152,
    51200,
    53248,
    55296,
    57344,
    59392,
    61440,
    63488,
    65536,
    67584,
    69632,
    71680,
    73728,
    75776,
    77824,
    79872,
    81920,
    83968,
    86016,
    88064,
    90112,
    92160,
    94208,
    96256,
    98304,
    100352,
    102400,
    104448,
    106496,
    108544,
    110592,
    112640,
    114688,
    116736,
    118784,
    120832,
    122880,
    124928,
    126976,
    129024,
    131072,
    133120,
    135168,
    137216,
    139264,
    141312,
    143360,
    145408,
    147456,
    149504,
    151552,
    153600,
    155648,
    157696,
    159744,
    161792,
    163840,
    165888,
    167936,
    169984,
    172032,
    174080,
    176128,
    178176,
    180224,
    182272,
    184320,
    186368,
    188416,
    190464,
    192512,
    194560,
    196608,
    198656,
    200704
  ],
  "step": [
    22.79545,
    31.98413,
    56.47222,
    104.38889,
    169.58333,
    217.55556,
    230.25,
    441.5,
    488.5,
    500.0,
    436.20001,
    497.0,
    500.0,
    500.0,
    500.0,
    500.0,
    500.0,
    500.0,
    500.0,
    500.0,
    458.39999,
    450.0,
    500.0,
    500.0,
    464.75,
    493.25,
    500.0,
    500.0,
    500.0,
    500.0,
    500.0,
    500.0,
    500.0,
    473.75,
    500.0,
    500.0,
    500.0,
    500.0,
    500.0,
    500.0,
    500.0,
    500.0,
    500.0,
    500.0,
    500.0,
    500.0,
    460.20001,
    500.0,
    500.0,
    500.0,
    500.0,
    500.0,
    500.0,
    500.0,
    500.0,
    500.0,
    500.0,
    500.0,
    330.85715,
    455.0,
    500.0,
    386.39999,
    467.75,
    500.0,
    500.0,
    379.0,
    500.0,
    357.79999,
    500.0,
    500.0,
    500.0,
    243.33333,
    500.0,
    500.0,
    434.79999,
    500.0,
    500.0,
    500.0,
    500.0,
    500.0,
    500.0,
    500.0,
    500.0,
    500.0,
    500.0,
    500.0,
    500.0,
    500.0,
    500.0,
    500.0,
    500.0,
    500.0,
    500.0,
    500.0,
    500.0,
    500.0,
    500.0,
    500.0
  ],
  "v_value": [
    -1.49301,
    0.37207,
    7.83606,
    16.55983,
    23.05084,
    32.50669,
    36.21703,
    45.6443,
    57.21926,
    62.92153,
    65.7877,
    67.16209,
    75.12984,
    78.04005,
    79.29826,
    79.91829,
    82.29776,
    84.0486,
    83.86041,
    84.04927,
    84.92434,
    85.75227,
    86.72057,
    86.03561,
    83.23007,
    83.70286,
    82.92995,
    81.07642,
    77.30047,
    80.61275,
    81.23473,
    86.2193,
    84.14171,
    83.92573,
    83.93415,
    83.30348,
    84.09919,
    84.88191,
    83.48444,
    82.96415,
    81.35844,
    82.5844,
    83.85793,
    83.69025,
    86.02892,
    86.29915,
    84.70558,
    84.554,
    84.07214,
    85.1001,
    85.04554,
    82.58439,
    82.38614,
    83.93755,
    85.01473,
    84.10078,
    83.60588,
    83.38583,
    81.48338,
    81.37134,
    82.86497,
    80.31421,
    82.24177,
    82.00397,
    81.82257,
    77.90794,
    80.63148,
    84.24718,
    87.07207,
    88.45978,
    85.82245,
    81.65239,
    85.92694,
    84.5343,
    83.5813,
    84.40602,
    85.83082,
    87.51432,
    85.96861,
    85.1884,
    84.77586,
    85.17575,
    85.62047,
    85.1804,
    82.2533,
    86.05514,
    86.69312,
    87.76368,
    87.30645,
    86.22144,
    86.2698,
    85.35553,
    86.49199,
    84.65594,
    85.91393,
    84.78987,
    85.73169,
    84.68571
  ],
  "loss_p": [
    0.00195,
    0.00406,
    0.00266,
    0.00179,
    0.00175,
    0.0016,
    0.00237,
    0.00109,
    0.00026,
    0.00151,
    0.00073,
    0.00408,
    0.00029,
    -0.00103,
    0.0001,
    0.00101,
    0.00064,
    0.0003,
    0.00014,
    -0.00026,
    0.00013,
    -0.0001,
    0.00095,
    -0.00011,
    0.00034,
    0.00055,
    0.00059,
    0.00053,
    0.00012,
    -0.00045,
    0.00018,
    0.0,
    -9e-05,
    0.00035,
    -9e-05,
    -0.00046,
    -0.00029,
    -0.0,
    -0.00011,
    -0.00026,
    0.00017,
    0.00013,
    0.00049,
    0.00161,
    0.0005,
    0.00127,
    7e-05,
    0.00037,
    0.00076,
    0.00144,
    -0.00056,
    0.00027,
    0.00083,
    6e-05,
    0.00018,
    0.00041,
    -4e-05,
    0.00014,
    6e-05,
    0.00054,
    -0.00011,
    0.00079,
    0.00032,
    0.00014,
    -6e-05,
    -4e-05,
    0.00064,
    0.00088,
    0.00134,
    0.00011,
    0.00071,
    0.00058,
    0.00099,
    3e-05,
    0.00026,
    0.00132,
    0.00089,
    0.00018,
    0.00042,
    0.00021,
    -0.00024,
    -5e-05,
    0.00015,
    -0.00064,
    0.00072,
    0.00063,
    0.00048,
    -0.00048,
    -0.00013,
    0.00067,
    -0.00027,
    0.00097,
    0.00014,
    0.00053,
    -0.00011,
    -2e-05,
    0.00101,
    0.00026
  ],
  "loss_v": [
    40.80248,
    33.66122,
    40.65722,
    36.10613,
    22.86267,
    28.03259,
    18.04732,
    16.45027,
    28.82276,
    18.58377,
    30.20518,
    21.4811,
    47.92085,
    49.91734,
    51.22288,
    47.705,
    56.5294,
    58.53019,
    57.66163,
    57.44988,
    65.69543,
    76.79115,
    62.48647,
    61.53112,
    60.03658,
    63.65535,
    55.7118,
    53.39742,
    65.45724,
    48.8729,
    48.73318,
    60.67872,
    55.33968,
    60.53981,
    59.39939,
    57.6654,
    57.60238,
    57.62204,
    58.17348,
    54.45702,
    53.88176,
    50.5956,
    59.92717,
    59.08327,
    61.72315,
    63.20722,
    74.47336,
    59.88634,
    58.36914,
    58.38789,
    67.8187,
    56.14893,
    53.70233,
    57.90481,
    58.25656,
    57.64901,
    57.77877,
    57.75502,
    91.36429,
    66.16571,
    58.38225,
    56.82523,
    59.20823,
    53.44729,
    54.72414,
    68.60243,
    50.76025,
    62.62269,
    71.69601,
    63.243,
    72.90019,
    70.60854,
    61.02541,
    59.03643,
    64.16573,
    48.50042,
    54.6316,
    63.92283,
    61.10254,
    59.07635,
    58.14358,
    59.88203,
    59.42436,
    58.27125,
    53.75401,
    55.51478,
    54.98771,
    65.65558,
    62.44178,
    60.65842,
    59.99418,
    64.28913,
    59.45045,
    61.26777,
    62.34979,
    58.43397,
    60.47613,
    58.70863
  ],
  "loss_ent": [
    0.68552,
    0.65101,
    0.61529,
    0.5949,
    0.58871,
    0.56128,
    0.5516,
    0.53417,
    0.51714,
    0.53971,
    0.5446,
    0.53857,
    0.52415,
    0.52081,
    0.53021,
    0.50915,
    0.5255,
    0.5261,
    0.54045,
    0.55126,
    0.55095,
    0.54252,
    0.5573,
    0.56624,
    0.54999,
    0.53752,
    0.53375,
    0.53622,
    0.5197,
    0.52441,
    0.52177,
    0.56091,
    0.54628,
    0.53552,
    0.54334,
    0.52681,
    0.53431,
    0.49721,
    0.50075,
    0.50819,
    0.51134,
    0.52522,
    0.52165,
    0.55161,
    0.52652,
    0.54063,
    0.52388,
    0.50989,
    0.52328,
    0.51517,
    0.53062,
    0.49773,
    0.51285,
    0.51158,
    0.53845,
    0.52878,
    0.54809,
    0.5493,
    0.57331,
    0.5383,
    0.57436,
    0.54031,
    0.54343,
    0.53631,
    0.54946,
    0.55579,
    0.5529,
    0.54629,
    0.55718,
    0.56535,
    0.56589,
    0.52214,
    0.54728,
    0.56335,
    0.54966,
    0.54437,
    0.53546,
    0.53535,
    0.52666,
    0.52746,
    0.52711,
    0.55976,
    0.54099,
    0.54947,
    0.55036,
    0.52324,
    0.51044,
    0.51679,
    0.49342,
    0.51484,
    0.51559,
    0.51852,
    0.53081,
    0.53868,
    0.53687,
    0.51717,
    0.49946,
    0.5194
  ],