{
  "frame": [
    2048,
    4096,
    6144,
    8192,
    10240,
    12288,
    14336,
    16384,
    18432,
    20480,
    22528,
    24576,
    26624,
    28672,
    30720,
    32768,
    34816,
    36864,
    38912,
    40960,
    43008,
    45056,
    47104,
    49152,
    51200,
    53248,
    55296,
    57344,
    59392,
    61440,
    63488,
    65536,
    67584,
    69632,
    71680,
    73728,
    75776,
    77824,
    79872,
    81920,
    83968,
    86016,
    88064,
    90112,
    92160,
    94208,
    96256,
    98304,
    100352,
    102400,
    104448,
    106496,
    108544,
    110592,
    112640,
    114688,
    116736,
    118784,
    120832,
    122880,
    124928,
    126976,
    129024,
    131072,
    133120,
    135168,
    137216,
    139264,
    141312,
    143360,
    145408,
    147456,
    149504,
    151552,
    153600,
    155648,
    157696,
    159744,
    161792,
    163840,
    165888,
    167936,
    169984,
    172032,
    174080,
    176128,
    178176,
    180224,
    182272,
    184320,
    186368,
    188416,
    190464,
    192512,
    194560,
    196608,
    198656,
    200704
  ],
  "step": [
    23.84524,
    29.79104,
    53.28947,
    103.17647,
    147.0625,
    191.5,
    264.71429,
    386.0,
    500.0,
    500.0,
    474.25,
    500.0,
    500.0,
    500.0,
    500.0,
    500.0,
    500.0,
    445.5,
    500.0,
    500.0,
    500.0,
    500.0,
    500.0,
    500.0,
    500.0,
    500.0,
    390.16666,
    500.0,
    500.0,
    500.0,
    500.0,
    500.0,
    500.0,
    500.0,
    500.0,
    500.0,
    500.0,
    500.0,
    403.79999,
    500.0,
    500.0,
    500.0,
    500.0,
    500.0,
    500.0,
    500.0,
    500.0,
    500.0,
    500.0,
    500.0,
    387.60001,
    499.0,
    500.0,
    500.0,
    500.0,
    500.0,
    500.0,
    500.0,
    500.0,
    500.0,
    500.0,
    500.0,
    500.0,
    500.0,
    500.0,
    500.0,
    433.60001,
    446.60001,
    483.75,
    500.0,
    500.0,
    500.0,
    500.0,
    500.0,
    500.0,
    500.0,
    500.0,
    500.0,
    500.0,
    500.0,
    500.0,
    500.0,
    500.0,
    500.0,
    500.0,
    466.39999,
    410.0,
    411.39999,
    373.16666,
    320.625,
    491.0,
    419.0,
    500.0,
    500.0,
    500.0,
    500.0,
    500.0,
    500.0
  ],
  "v_value": [
    -2.32684,
    -1.44777,
    4.50329,
    15.73261,
    15.53657,
    28.18235,
    35.55747,
    48.20996,
    60.99435,
    65.32101,
    69.74083,
    71.32249,
    73.57629,
    78.30827,
    77.77746,
    76.99472,
    78.00188,
    79.99009,
    80.35661,
    78.93362,
    80.76234,
    82.55663,
    83.80444,
    83.9166,
    83.54343,
    75.33763,
    76.24647,
    80.75816,
    80.25475,
    78.88081,
    87.24272,
    85.07668,
    86.76691,
    86.52492,
    89.6553,
    90.87766,
    89.47939,
    89.26543,
    86.87579,
    86.90197,
    88.17492,
    86.7991,
    88.05836,
    87.99165,
    89.20515,
    87.95641,
    88.03149,
    85.15984,
    81.58525,
    85.02393,
    81.04074,
    84.32188,
    84.23126,
    82.50789,
    82.30605,
    82.69178,
    83.59398,
    84.04366,
    83.6619,
    83.56331,
    83.67065,
    84.00264,
    83.5279,
    83.34202,
    83.65984,
    83.98896,
    82.14925,
    81.66225,
    81.75632,
    82.68529,
    82.53685,
    85.56007,
    85.93739,
    84.59624,
    85.42896,
    85.78004,
    86.83952,
    86.15234,
    85.19526,
    85.39465,
    84.78867,
    85.97109,
    84.88335,
    86.85229,
    85.98112,
    86.47169,
    87.09342,
    84.4163,
    80.91228,
    78.05399,
    78.2531,
    78.39809,
    79.35518,
    79.43923,
    80.06133,
    80.50142,
    81.27883,
    82.11872
  ],
  "loss_p": [
    0.0019,
    0.00398,
    0.00362,
    0.0025,
    0.00179,
    0.0029,
    0.00398,
    0.00305,
    0.00043,
    2e-05,
    7e-05,
    0.00106,
    0.00072,
    -0.00057,
    -0.00038,
    -0.00062,
    -0.00036,
    0.00025,
    -8e-05,
    -0.00024,
    0.00012,
    0.00024,
    -0.00062,
    -0.00026,
    -0.00049,
    0.00047,
    0.00012,
    -0.0,
    -8e-05,
    0.00018,
    0.0001,
    -0.00022,
    2e-05,
    -7e-05,
    4e-05,
    0.00064,
    0.00084,
    -0.0002,
    -0.0,
    0.0008,
    -0.00057,
    0.00024,
    5e-05,
    -0.0003,
    -0.00017,
    0.00272,
    0.0008,
    0.0005,
    0.00159,
    -0.00023,
    0.00076,
    0.0006,
    0.0003,
    0.0007,
    -5e-05,
    -0.00059,
    0.00024,
    -0.00075,
    -0.0002,
    -0.00045,
    -0.00016,
    -0.00025,
    8e-05,
    -0.00074,
    0.00019,
    -0.00019,
    0.00019,
    0.00011,
    0.00127,
    0.00097,
    0.00148,
    -0.00032,
    -0.00085,
    -0.00036,
    -3e-05,
    0.00017,
    7e-05,
    -0.0001,
    -0.0005,
    -0.00027,
    -0.00038,
    -0.0001,
    0.00041,
    -0.00014,
    -0.00013,
    0.00041,
    -5e-05,
    0.00027,
    0.00032,
    0.00046,
    0.00067,
    0.00026,
    9e-05,
    -0.00026,
    0.0002,
    -0.00037,
    -1e-05,
    0.0
  ],
  "loss_v": [
    36.65357,
    32.60326,
    34.11905,
    29.62038,
    22.52752,
    7.60067,
    5.48303,
    5.58756,
    30.4908,
    28.00031,
    42.56696,
    43.55286,
    40.17686,
    53.01287,
    49.12048,
    43.63802,
    48.88562,
    56.04265,
    52.79296,
    49.70211,
    51.67142,
    54.45262,
    57.23846,
    56.89685,
    46.95401,
    45.2647,
    59.78289,
    52.03017,
    47.56213,
    42.86798,
    60.94832,
    61.64262,
    57.51197,
    51.79545,
    66.46585,
    69.73442,
    65.05823,
    73.80763,
    70.02761,
    58.28381,
    65.13006,
    59.86911,
    58.37427,
    62.89329,
    64.25742,
    74.69371,
    75.74812,
    58.95225,
    48.79425,
    58.76844,
    69.2203,
    58.52089,
    55.86775,
    55.53333,
    57.23367,
    55.346,
    57.3418,
    57.56575,
    58.83149,
    57.79585,
    55.0631,
    58.79544,
    58.31637,
    57.52717,
    57.79,
    58.26997,
    71.44153,
    71.9619,
    48.56243,
    56.77495,
    51.12075,
    62.40885,
    61.05064,
    59.49655,
    60.63417,
    59.67621,
    61.5782,
    61.16774,
    57.72716,
    60.54028,
    59.49461,
    59.07403,
    56.91076,
    63.23287,
    59.54244,
    71.46368,
    81.93201,
    51.47791,
    102.97251,
    104.31577,
    65.9455,
    46.34278,
    52.14817,
    51.20076,
    52.59902,
    53.93954,
    54.47619,
    55.34801
  ],
  "loss_ent": [
    0.68495,
    0.65124,
    0.61976,
    0.58057,
    0.57419,
    0.55748,
    0.5642,
    0.55156,
    0.54288,
    0.55201,
    0.54245,
    0.52479,
    0.52493,
    0.55193,
    0.54998,
    0.54436,
    0.5445,
    0.55875,
    0.54193,
    0.5357,
    0.54094,
    0.53542,
    0.52263,
    0.53142,
    0.55544,
    0.53803,
    0.52029,
    0.53775,
    0.52541,
    0.55299,
    0.52987,
    0.53451,
    0.53943,
    0.54683,
    0.53409,
    0.53163,
    0.53557,
    0.55716,
    0.52949,
    0.54465,
    0.54148,
    0.54373,
    0.54688,
    0.55821,
    0.54911,
    0.53717,
    0.5364,
    0.51843,
    0.53386,
    0.53881,
    0.53616,
    0.52272,
    0.52336,
    0.52085,
    0.53347,
    0.53158,
    0.5449,
    0.53481,
    0.54303,
    0.54925,
    0.52972,
    0.54077,
    0.54113,
    0.5414,
    0.54926,
    0.51615,
    0.54693,
    0.51634,
    0.54367,
    0.5317,
    0.53044,
    0.52739,
    0.53539,
    0.55477,
    0.55026,
    0.53677,
    0.54879,
    0.52454,
    0.51772,
    0.52363,
    0.53108,
    0.52654,
    0.52781,
    0.53666,
    0.53744,
    0.54252,
    0.54952,
    0.56238,
    0.55582,
    0.56107,
    0.53478,
    0.54245,
    0.53749,
    0.54587,
    0.53041,
    0.51553,
    0.52076,
    0.50653
  ],