{
  "frame": [
    2048,
    4096,
    6144,
    8192,
    10240,
    12288,
    14336,
    16384,
    18432,
    20480,
    22528,
    24576,
    26624,
    28672,
    30720,
    32768,
    34816,
    36864,
    38912,
    40960,
    43008,
    45056,
    47104,
    49152,
    51200,
    53248,
    55296,
    57344,
    59392,
    61440,
    63488,
    65536,
    67584,
    69632,
    71680,
    73728,
    75776,
    77824,
    79872,
    81920,
    83968,
    86016,
    88064,
    90112,
    92160,
    94208,
    96256,
    98304,
    100352,
    102400,
    104448,
    106496,
    108544,
    110592,
    112640,
    114688,
    116736,
    118784,
    120832,
    122880,
    124928,
    126976,
    129024,
    131072,
    133120,
    135168,
    137216,
    139264,
    141312,
    143360,
    145408,
    147456,
    149504,
    151552,
    153600,
    155648,
    157696,
    159744,
    161792,
    163840,
    165888,
    167936,
    169984,
    172032,
    174080,
    176128,
    178176,
    180224,
    182272,
    184320,
    186368,
    188416,
    190464,
    192512,
    194560,
    196608,
    198656,
    200704
  ],
  "step": [
    20.46465,
    35.44643,
    59.60606,
    109.3125,
    164.76923,
    296.0,
    308.83334,
    301.625,
    314.66666,
    344.0,
    500.0,
    406.25,
    500.0,
    500.0,
    500.0,
    500.0,
    400.0,
    500.0,
    500.0,
    500.0,
    500.0,
    500.0,
    415.0,
    500.0,
    500.0,
    500.0,
    451.0,
    500.0,
    500.0,
    500.0,
    500.0,
    500.0,
    500.0,
    500.0,
    404.16666,
    500.0,
    500.0,
    500.0,
    414.60001,
    396.60001,
    403.0,
    500.0,
    500.0,
    500.0,
    500.0,
    500.0,
    500.0,
    500.0,
    500.0,
    500.0,
    500.0,
    500.0,
    500.0,
    397.60001,
    500.0,
    489.25,
    500.0,
    500.0,
    500.0,
    500.0,
    500.0,
    500.0,
    500.0,
    500.0,
    500.0,
    500.0,
    379.5,
    500.0,
    500.0,
    500.0,
    500.0,
    500.0,
    500.0,
    500.0,
    500.0,
    500.0,
    500.0,
    500.0,
    500.0,
    500.0,
    500.0,
    500.0,
    500.0,
    500.0,
    500.0,
    500.0,
    500.0,
    500.0,
    500.0,
    500.0,
    368.20001,
    419.20001,
    500.0,
    500.0,
    500.0,
    500.0,
    500.0,
    500.0
  ],
  "v_value": [
    -2.43597,
    0.72322,
    8.41615,
    14.29484,
    21.58557,
    31.37965,
    42.86129,
    45.34295,
    50.66273,
    61.84612,
    67.6447,
    68.58424,
    74.59547,
    76.28338,
    78.3671,
    84.35018,
    83.67791,
    85.01204,
    85.28918,
    84.35403,
    85.69982,
    83.91317,
    83.0295,
    85.08014,
    84.85813,
    84.11459,
    82.28928,
    82.32784,
    84.42249,
    85.30138,
    88.02129,
    86.1453,
    83.04974,
    85.58047,
    85.66325,
    85.2238,
    87.82977,
    86.03611,
    83.60378,
    81.68889,
    82.10884,
    83.8186,
    84.11983,
    84.06775,
    83.54713,
    80.94032,
    84.30573,
    85.63438,
    86.06108,
    86.05652,
    86.43211,
    85.78764,
    85.62682,
    84.61021,
    84.74016,
    85.39216,
    85.99912,
    86.86301,
    86.82919,
    87.6942,
    86.8471,
    85.52666,
    85.31149,
    84.55081,
    83.01377,
    84.0659,
    83.49157,
    84.92064,
    84.63052,
    83.64277,
    83.20923,
    81.7355,
    80.61889,
    80.15416,
    81.25146,
    82.7871,
    83.49657,
    84.62149,
    84.27393,
    83.40234,
    83.67574,
    82.09508,
    82.32283,
    82.38387,
    82.98984,
    83.40602,
    84.50078,
    86.2238,
    86.3286,
    86.21333,
    85.34003,
    85.14202,
    85.55522,
    85.6676,
    83.80556,
    86.18021,
    86.46995,
    87.49909
  ],
  "loss_p": [
    0.00191,
    0.00379,
    0.00259,
    0.00283,
    0.002,
    0.00138,
    0.00146,
    0.00105,
    0.00105,
    0.00028,
    0.00027,
    0.00067,
    0.00029,
    -0.00012,
    0.00025,
    0.0009,
    0.0003,
    0.00064,
    0.00019,
    -0.00174,
    -0.0008,
    0.00018,
    0.00032,
    0.00038,
    0.00016,
    -0.00037,
    0.00032,
    0.00059,
    -0.00019,
    0.00052,
    0.0002,
    0.00043,
    0.00082,
    0.00057,
    0.00023,
    0.00107,
    0.00021,
    -0.0001,
    -0.00015,
    0.00059,
    0.00027,
    1e-05,
    0.00079,
    -0.00046,
    -0.00064,
    0.00042,
    0.00052,
    0.00022,
    0.00044,
    -0.0005,
    1e-05,
    -0.0001,
    -0.0002,
    -0.00017,
    0.00064,
    0.00037,
    0.00085,
    -3e-05,
    -0.00022,
    -0.00017,
    0.0001,
    -0.00038,
    -0.0008,
    0.00035,
    0.00062,
    0.00095,
    0.00069,
    -0.00018,
    0.00071,
    -0.00038,
    0.00023,
    0.00027,
    6e-05,
    -0.00082,
    0.00087,
    -0.00012,
    0.00096,
    0.0,
    -0.00049,
    -0.0003,
    -0.00118,
    3e-05,
    -0.00026,
    0.0,
    0.00026,
    0.00092,
    0.00096,
    -0.00037,
    -0.00123,
    -0.00045,
    -7e-05,
    0.00035,
    0.00025,
    8e-05,
    2e-05,
    -2e-05,
    -0.00059,
    -0.00014
  ],
  "loss_v": [
    39.58747,
    35.53554,
    42.12415,
    26.01,
    20.42858,
    10.62849,
    15.88756,
    6.1577,
    9.47149,
    28.08096,
    22.15321,
    35.09756,
    36.92838,
    46.51132,
    43.87849,
    49.7155,
    64.36369,
    58.88838,
    72.21382,
    47.68066,
    61.23019,
    51.61411,
    71.35484,
    58.00842,
    60.26028,
    58.0355,
    76.86871,
    50.57283,
    52.63107,
    56.51088,
    65.39246,
    55.66236,
    54.51781,
    54.99669,
    88.36708,
    59.62807,
    64.15869,
    60.35122,
    72.9045,
    74.73286,
    72.65105,
    58.61724,
    59.32452,
    57.31905,
    55.53832,
    52.0276,
    57.74321,
    62.11953,
    61.47225,
    61.61408,
    61.52537,
    61.41682,
    61.00118,
    72.02471,
    55.50782,
    65.43215,
    58.66924,
    63.28164,
    62.09468,
    61.50437,
    69.49689,
    58.89621,
    59.47932,
    53.90225,
    61.46744,
    59.07449,
    43.21386,
    60.01176,
    68.64813,
    56.59953,
    56.21117,
    53.31266,
    54.00409,
    52.28775,
    54.55294,
    56.92107,
    55.89445,
    68.90662,
    58.90614,
    56.54756,
    58.27382,
    55.51213,
    45.35749,
    55.25812,
    54.9684,
    56.61578,
    57.58181,
    61.95325,
    61.8711,
    61.59712,
    62.40833,
    76.0156,
    57.39162,
    60.26819,
    55.66629,
    62.61221,
    59.52401,
    61.26092
  ],
  "loss_ent": [
    0.68527,
    0.64801,
    0.60684,
    0.57042,
    0.56712,
    0.56396,
    0.55199,
    0.52465,
    0.53018,
    0.52767,
    0.5536,
    0.53371,
    0.53828,
    0.5393,
    0.5586,
    0.53202,
    0.54904,
    0.52396,
    0.53863,
    0.54556,
    0.53266,
    0.55253,
    0.54111,
    0.53679,
    0.52617,
    0.5644,
    0.52186,
    0.52371,
    0.53941,
    0.52127,
    0.53632,
    0.53942,
    0.55159,
    0.53347,
    0.50393,
    0.48101,
    0.53333,
    0.55485,
    0.46439,
    0.48851,
    0.51619,
    0.5322,
    0.56368,
    0.53539,
    0.53489,
    0.54357,
    0.54647,
    0.54331,
    0.53152,
    0.54273,
    0.51417,
    0.53392,
    0.5685,
    0.53335,
    0.53075,
    0.53198,
    0.54248,
    0.52403,
    0.54344,
    0.51411,
    0.52991,
    0.50226,
    0.537,
    0.52313,
    0.50237,
    0.50513,
    0.45317,
    0.4867,
    0.49446,
    0.49664,
    0.52248,
    0.48978,
    0.5209,
    0.50584,
    0.5055,
    0.51091,
    0.54644,
    0.54006,
    0.51595,
    0.55321,
    0.55822,
    0.53257,
    0.50838,
    0.51126,
    0.529,
    0.54585,
    0.53349,
    0.5144,
    0.54243,
    0.52079,
    0.50022,
    0.51088,
    0.49853,
    0.53669,
    0.53394,
    0.5307,
    0.52414,
    0.52505
  ],