{
  "frame": [
    2048,
    4096,
    6144,
    8192,
    10240,
    12288,
    14336,
    16384,
    18432,
    20480,
    22528,
    24576,
    26624,
    28672,
    30720,
    32768,
    34816,
    36864,
    38912,
    40960,
    43008,
    45056,
    47104,
    49152,
    51200,
    53248,
    55296,
    57344,
    59392,
    61440,
    63488,
    65536,
    67584,
    69632,
    71680,
    73728,
    75776,
    77824,
    79872,
    81920,
    83968,
    86016,
    88064,
    90112,
    92160,
    94208,
    96256,
    98304,
    100352,
    102400,
    104448,
    106496,
    108544,
    110592,
    112640,
    114688,
    116736,
    118784,
    120832,
    122880,
    124928,
    126976,
    129024,
    131072,
    133120,
    135168,
    137216,
    139264,
    141312,
    143360,
    145408,
    147456,
    149504,
    151552,
    153600,
    155648,
    157696,
    159744,
    161792,
    163840,
    165888,
    167936,
    169984,
    172032,
    174080,
    176128,
    178176,
    180224,
    182272,
    184320,
    186368,
    188416,
    190464,
    192512,
    194560,
    196608,
    198656,
    200704
  ],
  "step": [
    22.98864,
    32.82258,
    50.4359,
    98.57895,
    139.07692,
    248.875,
    327.28571,
    375.5,
    411.0,
    394.39999,
    430.20001,
    400.33334,
    500.0,
    500.0,
    441.0,
    434.39999,
    500.0,
    500.0,
    500.0,
    500.0,
    500.0,
    500.0,
    500.0,
    500.0,
    500.0,
    371.39999,
    500.0,
    348.33334,
    500.0,
    500.0,
    402.5,
    500.0,
    500.0,
    500.0,
    500.0,
    500.0,
    500.0,
    500.0,
    500.0,
    500.0,
    500.0,
    500.0,
    500.0,
    500.0,
    500.0,
    500.0,
    425.0,
    500.0,
    500.0,
    500.0,
    500.0,
    500.0,
    500.0,
    500.0,
    500.0,
    500.0,
    500.0,
    500.0,
    500.0,
    500.0,
    500.0,
    500.0,
    500.0,
    441.39999,
    500.0,
    500.0,
    500.0,
    425.0,
    500.0,
    500.0,
    500.0,
    500.0,
    500.0,
    500.0,
    500.0,
    500.0,
    500.0,
    500.0,
    500.0,
    500.0,
    500.0,
    500.0,
    500.0,
    500.0,
    500.0,
    500.0,
    500.0,
    500.0,
    500.0,
    500.0,
    500.0,
    500.0,
    500.0,
    495.5,
    500.0,
    500.0,
    410.60001,
    500.0
  ],
  "v_value": [
    -2.10807,
    -0.45897,
    5.35718,
    15.39067,
    25.78858,
    31.83148,
    36.65109,
    48.59739,
    47.52589,
    56.31487,
    66.68486,
    72.4511,
    72.72517,
    75.60817,
    74.91353,
    76.1767,
    78.67863,
    76.65351,
    77.2721,
    78.75996,
    81.03864,
    83.49978,
    87.77622,
    86.68391,
    85.07564,
    83.47334,
    82.47939,
    81.72003,
    82.85973,
    82.23048,
    79.61844,
    83.33064,
    82.7405,
    83.24254,
    84.13095,
    84.35056,
    84.10155,
    84.54427,
    84.21257,
    84.25472,
    82.51524,
    85.35719,
    87.23908,
    89.10102,
    89.02849,
    87.11605,
    86.25916,
    87.90858,
    89.10658,
    90.59016,
    87.93333,
    89.43966,
    79.84856,
    84.5304,
    88.19155,
    87.62059,
    87.28793,
    84.83795,
    85.4413,
    83.2585,
    82.27281,
    81.79146,
    82.93764,
    82.84038,
    81.59847,
    80.61211,
    86.21702,
    85.95335,
    87.26496,
    88.10628,
    84.97559,
    85.94222,
    81.46047,
    84.72777,
    84.72667,
    83.77966,
    82.49402,
    80.8073,
    81.2107,
    79.08582,
    79.82228,
    79.65134,
    80.86493,
    84.00793,
    85.72256,
    84.9854,
    85.38881,
    85.1594,
    88.76274,
    89.47751,
    91.56855,
    89.67714,
    87.37881,
    84.68085,
    87.62901,
    86.04891,
    85.85845,
    87.97053
  ],
  "loss_p": [
    0.00254,
    0.00425,
    0.00313,
    0.00168,
    0.00194,
    0.00232,
    0.00078,
    0.00216,
    0.00115,
    0.00224,
    0.00095,
    0.00044,
    0.00108,
    0.00026,
    -0.00034,
    0.00047,
    0.00076,
    0.00054,
    -0.00079,
    -6e-05,
    0.00169,
    0.00053,
    -0.00054,
    -0.00088,
    0.00035,
    0.00037,
    0.00026,
    0.00047,
    0.00021,
    0.00017,
    0.00167,
    0.00024,
    0.00018,
    -0.00017,
    -0.00011,
    -0.00034,
    0.00039,
    -0.00032,
    0.00066,
    -1e-05,
    0.00017,
    0.00113,
    0.00062,
    0.00035,
    -0.00014,
    0.00128,
    0.00012,
    0.00105,
    -0.00014,
    0.00087,
    0.00017,
    -0.00042,
    0.00143,
    0.00063,
    0.00148,
    0.00016,
    -0.00016,
    0.00042,
    6e-05,
    -0.00015,
    0.00014,
    3e-05,
    -9e-05,
    9e-05,
    -6e-05,
    0.00025,
    -0.00011,
    0.00047,
    0.00017,
    -5e-05,
    4e-05,
    0.00041,
    0.00215,
    0.00093,
    0.00045,
    -0.0004,
    0.00015,
    9e-05,
    -0.00065,
    -0.00018,
    -0.00023,
    -0.00027,
    0.0008,
    0.00041,
    -0.00042,
    -0.00011,
    0.00044,
    4e-05,
    3e-05,
    0.00066,
    0.00049,
    0.00011,
    0.00015,
    0.00053,
    0.00047,
    0.00019,
    0.00018,
    0.00017
  ],
  "loss_v": [
    39.83873,
    32.55975,
    38.5158,
    30.67321,
    28.23579,
    18.44521,
    8.79634,
    9.58168,
    12.11917,
    11.13434,
    41.09167,
    49.12434,
    45.95979,
    47.4027,
    45.94063,
    57.80938,
    44.00638,
    49.43928,
    40.6426,
    40.68729,
    45.2957,
    53.79786,
    77.2357,
    61.74523,
    56.74595,
    72.99387,
    55.53183,
    79.43392,
    57.36381,
    46.04723,
    48.09091,
    61.74803,
    54.97406,
    57.09233,
    58.74478,
    58.90745,
    56.0136,
    60.01604,
    58.40437,
    57.56885,
    55.64869,
    56.58931,
    58.3844,
    67.78098,
    65.84351,
    61.01741,
    77.7498,
    55.83525,
    68.76941,
    67.24306,
    62.03637,
    64.62648,
    39.31536,
    58.63939,
    64.36481,
    63.56139,
    60.90133,
    55.53516,
    61.76863,
    56.34126,
    52.87223,
    54.07724,
    55.24364,
    61.50799,
    52.62658,
    50.79177,
    49.24438,
    61.79235,
    61.06946,
    66.14677,
    67.28377,
    56.3568,
    57.32197,
    61.86602,
    60.22897,
    57.54455,
    56.03544,
    54.09169,
    51.15514,
    46.51592,
    50.23673,
    50.77842,
    36.28854,
    54.80723,
    57.57119,
    56.31428,
    57.58775,
    56.9915,
    65.84817,
    62.16584,
    71.01052,
    65.72177,
    59.28436,
    64.18333,
    63.78028,
    60.31013,
    67.69029,
    61.40083
  ],
  "loss_ent": [
    0.68332,
    0.65054,
    0.61262,
    0.59503,
    0.57804,
    0.56404,
    0.55051,
    0.57937,
    0.56821,
    0.55754,
    0.54934,
    0.5608,
    0.53801,
    0.54972,
    0.55189,
    0.51142,
    0.51136,
    0.52667,
    0.521,
    0.52786,
    0.52633,
    0.53072,
    0.54178,
    0.57449,
    0.58935,
    0.56279,
    0.56832,
    0.5517,
    0.55824,
    0.57206,
    0.56089,
    0.55366,
    0.55313,
    0.55665,
    0.55279,
    0.5418,
    0.53334,
    0.5529,
    0.52174,
    0.53808,
    0.53172,
    0.52397,
    0.53648,
    0.5182,
    0.55173,
    0.53493,
    0.54543,
    0.53447,
    0.54697,
    0.50535,
    0.52741,
    0.53398,
    0.52483,
    0.52628,
    0.52373,
    0.54762,
    0.5303,
    0.5126,
    0.52994,
    0.52879,
    0.53304,
    0.53621,
    0.5458,
    0.5088,
    0.53465,
    0.55804,
    0.53469,
    0.53622,
    0.53535,
    0.54653,
    0.5316,
    0.523,
    0.5241,
    0.52869,
    0.53959,
    0.52628,
    0.53047,
    0.53548,
    0.54977,
    0.53095,
    0.54602,
    0.54146,
    0.52678,
    0.54088,
    0.54054,
    0.53907,
    0.5296,
    0.52327,
    0.5444,
    0.52775,
    0.55056,
    0.56474,
    0.53406,
    0.54901,
    0.53206,
    0.53763,
    0.52649,
    0.53106
  ],