{
  "frame": [
    2048,
    4096,
    6144,
    8192,
    10240,
    12288,
    14336,
    16384,
    18432,
    20480,
    22528,
    24576,
    26624,
    28672,
    30720,
    32768,
    34816,
    36864,
    38912,
    40960,
    43008,
    45056,
    47104,
    49152,
    51200,
    53248,
    55296,
    57344,
    59392,
    61440,
    63488,
    65536,
    67584,
    69632,
    71680,
    73728,
    75776,
    77824,
    79872,
    81920,
    83968,
    86016,
    88064,
    90112,
    92160,
    94208,
    96256,
    98304,
    100352,
    102400,
    104448,
    106496,
    108544,
    110592,
    112640,
    114688,
    116736,
    118784,
    120832,
    122880,
    124928,
    126976,
    129024,
    131072,
    133120,
    135168,
    137216,
    139264,
    141312,
    143360,
    145408,
    147456,
    149504,
    151552,
    153600,
    155648,
    157696,
    159744,
    161792,
    163840,
    165888,
    167936,
    169984,
    172032,
    174080,
    176128,
    178176,
    180224,
    182272,
    184320,
    186368,
    188416,
    190464,
    192512,
    194560,
    196608,
    198656,
    200704
  ],
  "step": [
    22.39773,
    28.08219,
    68.07143,
    109.94444,
    143.46153,
    222.33333,
    291.16666,
    330.28571,
    409.60001,
    500.0,
    451.5,
    406.0,
    485.0,
    500.0,
    458.0,
    500.0,
    500.0,
    500.0,
    500.0,
    500.0,
    500.0,
    500.0,
    500.0,
    446.0,
    500.0,
    500.0,
    500.0,
    411.20001,
    500.0,
    500.0,
    419.25,
    500.0,
    500.0,
    500.0,
    500.0,
    500.0,
    500.0,
    500.0,
    500.0,
    500.0,
    500.0,
    500.0,
    500.0,
    500.0,
    500.0,
    500.0,
    500.0,
    500.0,
    500.0,
    393.60001,
    374.83334,
    415.60001,
    500.0,
    500.0,
    500.0,
    500.0,
    500.0,
    500.0,
    500.0,
    500.0,
    500.0,
    500.0,
    500.0,
    500.0,
    500.0,
    500.0,
    500.0,
    500.0,
    500.0,
    500.0,
    500.0,
    500.0,
    500.0,
    500.0,
    500.0,
    500.0,
    500.0,
    500.0,
    500.0,
    477.0,
    500.0,
    500.0,
    500.0,
    478.0,
    498.25,
    500.0,
    500.0,
    500.0,
    500.0,
    500.0,
    500.0,
    500.0,
    500.0,
    500.0,
    500.0,
    500.0,
    500.0,
    500.0
  ],
  "v_value": [
    -1.77868,
    -1.47736,
    8.2648,
    17.31632,
    23.99839,
    32.71643,
    39.69427,
    49.0476,
    53.13813,
    64.10459,
    66.81645,
    63.49137,
    71.33791,
    76.26204,
    77.72665,
    80.34131,
    82.68865,
    82.6572,
    78.86979,
    83.96926,
    88.24423,
    88.86848,
    87.48594,
    84.47914,
    83.4713,
    79.2736,
    79.9463,
    81.88634,
    84.62336,
    87.0211,
    85.51343,
    85.31776,
    84.80077,
    86.02705,
    86.89014,
    87.44389,
    83.3795,
    84.87731,
    87.05232,
    90.03596,
    86.6732,
    89.85475,
    90.79922,
    89.76562,
    88.04041,
    87.04653,
    85.98836,
    87.08517,
    83.6815,
    84.76808,
    82.56732,
    83.82043,
    84.32933,
    83.15284,
    81.82988,
    80.55333,
    80.46391,
    87.06725,
    85.29085,
    86.74934,
    89.46855,
    89.88637,
    89.02575,
    87.07751,
    86.41805,
    89.12352,
    90.80477,
    88.89302,
    88.21156,
    86.0605,
    86.08611,
    85.82852,
    85.6981,
    82.93138,
    80.4648,
    75.79494,
    78.63228,
    82.34672,
    83.87801,
    84.00815,
    90.31982,
    88.34068,
    86.98885,
    85.54667,
    86.48,
    85.57001,
    84.1919,
    83.23115,
    82.80769,
    83.08983,
    86.731,
    89.03145,
    87.02472,
    88.00133,
    86.85091,
    84.25977,
    84.27135,
    88.14723
  ],
  "loss_p": [
    0.00219,
    0.00423,
    0.00248,
    0.00216,
    0.00184,
    0.002,
    0.00178,
    0.00137,
    0.00214,
    0.00055,
    0.00037,
    0.00133,
    0.00037,
    -0.0004,
    0.00027,
    0.0002,
    -0.00015,
    -0.00046,
    0.00023,
    -0.00044,
    -0.0004,
    0.00101,
    0.00027,
    7e-05,
    0.00012,
    0.00063,
    0.00084,
    0.00027,
    0.00151,
    0.00121,
    0.00062,
    0.00015,
    9e-05,
    0.00026,
    0.00095,
    -0.0002,
    0.00093,
    0.00136,
    0.00149,
    -0.00026,
    -3e-05,
    -0.00041,
    -0.00011,
    0.00029,
    -0.00029,
    -1e-05,
    0.00051,
    0.00047,
    0.00033,
    0.0001,
    0.00053,
    6e-05,
    0.00016,
    -4e-05,
    -1e-05,
    -0.00059,
    9e-05,
    4e-05,
    -0.00047,
    0.00022,
    -0.00029,
    0.00026,
    0.00024,
    0.00078,
    0.00119,
    0.0009,
    -0.00018,
    -0.00043,
    0.00021,
    -0.00024,
    0.00061,
    0.00043,
    8e-05,
    0.00033,
    9e-05,
    9e-05,
    0.00032,
    0.00021,
    0.0011,
    0.00096,
    0.00052,
    -0.0004,
    -0.00016,
    -0.0001,
    0.00047,
    0.00035,
    0.00025,
    0.00025,
    -9e-05,
    0.00091,
    -0.00038,
    7e-05,
    0.00072,
    0.00083,
    -0.00014,
    0.0015,
    0.00115,
    -0.00036
  ],
  "loss_v": [
    41.48172,
    30.65363,
    36.58732,
    29.8242,
    28.85196,
    16.45652,
    18.13562,
    26.49234,
    22.3997,
    33.51826,
    35.93845,
    42.66668,
    36.69215,
    38.26401,
    40.08986,
    46.87104,
    57.11107,
    53.88171,
    49.122,
    41.78442,
    62.79306,
    65.22586,
    73.6424,
    73.83498,
    57.22564,
    47.86235,
    52.44576,
    68.50903,
    55.11644,
    63.66847,
    57.22791,
    60.62301,
    46.92175,
    49.66145,
    59.15858,
    41.87824,
    44.6594,
    57.84756,
    57.85008,
    66.80354,
    52.42558,
    61.2238,
    69.03477,
    64.79494,
    63.1678,
    62.39228,
    61.15989,
    60.60233,
    54.31204,
    78.31203,
    72.57557,
    75.5993,
    60.06486,
    56.52417,
    47.71237,
    47.24155,
    40.81501,
    62.37264,
    56.43905,
    61.64171,
    67.28993,
    66.17764,
    59.34927,
    61.12072,
    53.58524,
    64.43369,
    68.42989,
    65.57482,
    62.42632,
    59.3395,
    58.65678,
    64.52081,
    61.32894,
    55.38579,
    51.28804,
    44.17075,
    47.67975,
    52.32343,
    51.04126,
    58.01289,
    67.51416,
    66.15073,
    62.41917,
    71.85268,
    60.02032,
    61.34174,
    58.10551,
    56.71061,
    52.19042,
    52.79229,
    58.23108,
    76.23569,
    60.78897,
    64.85271,
    59.37944,
    54.9244,
    59.99114,
    63.15446
  ],
  "loss_ent": [
    0.68452,
    0.64858,
    0.62029,
    0.5996,
    0.57441,
    0.57383,
    0.56459,
    0.54561,
    0.5342,
    0.55004,
    0.57802,
    0.56014,
    0.55069,
    0.54471,
    0.55299,
    0.56079,
    0.56021,
    0.56,
    0.55837,
    0.5567,
    0.52757,
    0.52972,
    0.54728,
    0.55288,
    0.5553,
    0.55701,
    0.53779,
    0.53792,
    0.53826,
    0.53716,
    0.5245,
    0.5335,
    0.54307,
    0.53694,
    0.5428,
    0.52559,
    0.55046,
    0.54167,
    0.53127,
    0.53191,
    0.53245,
    0.53348,
    0.53487,
    0.53178,
    0.54734,
    0.5362,
    0.53361,
    0.54114,
    0.5652,
    0.51647,
    0.50898,
    0.5214,
    0.51955,
    0.5272,
    0.51123,
    0.53292,
    0.51455,
    0.50973,
    0.50629,
    0.49272,
    0.50245,
    0.49235,
    0.50128,
    0.49768,
    0.48808,
    0.49851,
    0.49231,
    0.51237,
    0.52266,
    0.52369,
    0.5547,
    0.48804,
    0.51186,
    0.51945,
    0.51689,
    0.52742,
    0.55613,
    0.54962,
    0.53886,
    0.54048,
    0.53369,
    0.51222,
    0.53406,
    0.50472,
    0.49736,
    0.5308,
    0.53348,
    0.52374,
    0.51979,
    0.52009,
    0.51409,
    0.50175,
    0.51575,
    0.51111,
    0.52573,
    0.53096,
    0.53566,
    0.53344
  ],